point_id,name,point_type,lon,lat,nearest_station,connector_distance_m,connector_time_min
District:AUGUSTOWSKI,AUGUSTOWSKI,District,23.22865540813367,53.81364224699804,Augustów,14034.858908748656,210.52288363122983
District:BARANOWICKI,BARANOWICKI,District,25.978468356816123,53.046140732720666,Krynki Wąskotorowe,7547.580601261724,113.21370901892585
District:BIALSKI (BIAŁA KRAKOWSKA),BIALSKI (BIAŁA KRAKOWSKA),District,19.172154128341838,49.886507761480125,Bielsko Biała,11129.105454611894,166.93658181917843
District:BIALSKI (BIAŁA PODLASKA),BIALSKI (BIAŁA PODLASKA),District,23.26688339213837,52.033842314080765,Biała Podlaska,9271.037606783977,139.06556410175966
District:BIAŁOSTOCKI,BIAŁOSTOCKI,District,23.06163935732533,53.21697085686152,Białystok,10429.764521302379,156.44646781953568
District:BIELSKI (BIELSK PODLASKI),BIELSKI (BIELSK PODLASKI),District,23.245814359732556,52.67186772983291,Bielsk Podlaski,10806.199692490713,162.09299538736067
District:BIELSKO,BIELSKO,District,18.916111955721075,49.85251491544909,Chybie,8775.183313744756,131.62774970617133
District:BIŁGORAJSKI,BIŁGORAJSKI,District,22.705922928335106,50.480582522912016,Biłgoraj,8138.171012976911,122.07256519465365
District:BOCHEŃSKI,BOCHEŃSKI,District,20.399214339421313,49.96641750189948,Bochnia,2637.6337083257986,39.56450562488698
District:BORSZCZOWSKI,BORSZCZOWSKI,District,26.097778363462783,48.737064594379476,Iwanie Puste,11459.235411964277,171.88853117946417
District:BRASŁAWSKI,BRASŁAWSKI,District,27.12055672552235,55.57345647829401,Brasław,8978.496363346752,134.67744545020128
District:BRODNICKI,BRODNICKI,District,19.386088726876114,53.2811872167861,Brodnica,2322.258322463822,34.83387483695733
District:BRODZKI,BRODZKI,District,25.127216209297945,50.045525006414636,Brody,3323.9091685554445,49.85863752833166
District:BRZESKI (BRZESKO),BRZESKI (BRZESKO),District,20.707104488584214,49.97053406112783,Tarnów,19616.150380787378,294.2422557118106
District:BRZESKI (BRZEŚĆ N.BUG.),BRZESKI (BRZEŚĆ N.BUG.),District,23.754214494278663,52.09935890786457,Brześć nad Bugiem,5052.804379865769,75.79206569798653
District:BRZEZIŃSKI,BRZEZIŃSKI,District,19.76754799769774,51.77282727604474,Koluszki,4696.326469694637,70.44489704541955
District:BRZEŻAŃSKI,BRZEŻAŃSKI,District,25.018365923978735,49.47754458210276,Potutory,9097.862181065364,136.46793271598045
District:BRZOZOWSKI,BRZOZOWSKI,District,22.10576712421249,49.738702737051476,Dynów,12181.923873261065,182.72885809891596
District:BUCZACKI,BUCZACKI,District,25.29420589265632,49.03294710006161,Buczacz,6599.170766572216,98.98756149858325
District:BYDGOSKI,BYDGOSKI,District,17.968047697395406,53.198018375612946,Smukała,1702.698055888698,25.54047083833047
District:BÓBRECKI,BÓBRECKI,District,24.279653297032855,49.55407887743734,Chodorów,17205.604979961514,258.08407469942273
District:BĘDZIŃSKI,BĘDZIŃSKI,District,19.268608476526385,50.48105138681295,Poręba,4583.074372293104,68.74611558439656
District:BŁOŃSKI,BŁOŃSKI,District,20.58513880393809,52.08311018077956,Grodzisk Mazowiecki,3877.425954719475,58.16138932079212
District:CHEŁMIŃSKI,CHEŁMIŃSKI,District,18.50000218765717,53.28778403987596,Starogród,6771.039217951695,101.56558826927542
District:CHEŁMSKI,CHEŁMSKI,District,23.427709407003867,51.16091804325924,Chełm,5176.509686023572,77.64764529035357
District:CHODZIESKI,CHODZIESKI,District,16.950048129567424,53.00057984481426,Chodzież,2826.0782137898323,42.39117320684748
District:CHOJNICKI,CHOJNICKI,District,17.643955343361657,53.84726978812529,Chojnice,18315.564557043755,274.7334683556563
District:CHORZÓW,CHORZÓW,District,18.970752538834084,50.30327636600458,Chorzów Miasto,1621.0771254214458,24.316156881321685
District:CHRZANOWSKI,CHRZANOWSKI,District,19.444963557586384,50.13782384239535,Bolęcin,2836.1867462644545,42.54280119396682
District:CIECHANOWSKI,CIECHANOWSKI,District,20.62597888885373,52.87785619018451,Ciechanów,2451.2321180946496,36.768481771419744
District:CIESZYŃSKI,CIESZYŃSKI,District,18.80411395283851,49.72351544036561,Ustroń,1607.6988878860386,24.115483318290575
District:CZARNKOWSKI,CZARNKOWSKI,District,16.420917577505513,52.84831345843544,Bzowo Goraj,4381.768938192445,65.72653407288666
District:CZORTKOWSKI,CZORTKOWSKI,District,25.739775739022118,48.992127486515024,Biała Czortkowska,3654.7964672801995,54.82194700920299
District:CZĘSTOCHOWSKI,CZĘSTOCHOWSKI,District,19.050227897684163,50.854459547034246,Częstochowa,7042.974154798905,105.64461232198356
District:DOBROMILSKI,DOBROMILSKI,District,22.630716199008177,49.597244462231274,Krościenko,13500.411186426827,202.5061677964024
District:DOLIŃSKI,DOLIŃSKI,District,23.895981581960026,48.8556818354018,Wygoda,8933.067540628139,133.99601310942208
District:DROHICKI,DROHICKI,District,25.30015934301235,52.17127212793092,Drohiczyn,17003.540622708766,255.0531093406315
District:DROHOBYCKI,DROHOBYCKI,District,23.495125471014866,49.328169731799406,Drohobycz,4617.221274808245,69.25831912212367
District:DUBIEŃSKI,DUBIEŃSKI,District,25.562161761965307,50.39318187259028,Kamienica Wołyńska,10861.406357701944,162.92109536552917
District:DZIAŁDOWSKI,DZIAŁDOWSKI,District,19.996477512074044,53.27781290512936,Turza Wielka,6572.249235675397,98.58373853513096
District:DZIŚNIEŃSKI,DZIŚNIEŃSKI,District,27.863234203974756,55.22556652923922,Głębokie,15996.294118905282,239.94441178357923
District:DĄBROWSKI,DĄBROWSKI,District,20.969787937800778,50.221291592355726,Dąbrowa Tarnowska,5749.611311472076,86.24416967208113
District:GARWOLIŃSKI,GARWOLIŃSKI,District,21.694321831868766,51.79495101102994,Garwolin,15318.060194592324,229.77090291888487
District:GNIEŹNIEŃSKI,GNIEŹNIEŃSKI,District,17.58824710398628,52.52551780898481,Gniezno Wąskotorowe,645.2382434724515,9.678573652086772
District:GORLICKI,GORLICKI,District,21.166068494191816,49.618087630119504,Gorlice,5369.121637214842,80.53682455822262
District:GOSTYNIŃSKI,GOSTYNIŃSKI,District,19.610566646796958,52.41986844200871,Gostynin,10027.809271783577,150.41713907675364
District:GOSTYŃSKI,GOSTYŃSKI,District,17.041213580177423,51.82607958104316,Domachowo,1027.1407644237524,15.407111466356287
District:GRODZIEŃSKI,GRODZIEŃSKI,District,24.133408593047555,53.61995047734397,Grodno,21004.99894596005,315.0749841894007
District:GRUDZIĄDZKI,GRUDZIĄDZKI,District,18.963014701753632,53.479536231235606,Mełno,5282.4452471266795,79.2366787069002
District:GRÓDECKI,GRÓDECKI,District,23.687876437619696,49.86369325047553,Janów,7056.717673765272,105.85076510647906
District:GRÓJECKI,GRÓJECKI,District,20.927988049298964,51.853378793690084,Grójec,4380.322633950622,65.70483950925933
District:HOROCHOWSKI,HOROCHOWSKI,District,24.78597451440032,50.58642577485252,Sienkiewiczówka,18346.632723440336,275.19949085160505
District:HORODEŃSKI,HORODEŃSKI,District,25.38166799440437,48.72537061256319,Jasienów Polny,16566.129284578386,248.49193926867576
District:HRUBIESZOWSKI,HRUBIESZOWSKI,District,23.810557322237962,50.80306423209969,Gozdów,3340.305556553352,50.104583348300274
District:INOWROCŁAWSKI,INOWROCŁAWSKI,District,18.32450379574016,52.86561524139834,Inowrocław,10746.183093781578,161.19274640672364
District:IWACEWICKI,IWACEWICKI,District,25.389356943021323,52.628200273853274,Iwacewicze Wąskie Osobowe,9422.940667136234,141.3441100070435
District:IŁŻECKI,IŁŻECKI,District,21.38450787195395,51.120980227344354,Ostrowiec Świętokrzyski,19092.284546743183,286.3842682011478
District:JANOWSKI,JANOWSKI,District,22.227833931587966,50.84004979127024,Kraśnik,9442.367637012218,141.63551455518325
District:JAROCIŃSKI,JAROCIŃSKI,District,17.617907512166557,51.95946590569567,Twardów,1313.1568528212308,19.69735279231846
District:JAROSŁAWSKI,JAROSŁAWSKI,District,22.71955461036186,50.058585026593946,Jarosław,5541.535294176757,83.12302941265135
District:JASIELSKI,JASIELSKI,District,21.424970448655362,49.72511959747054,Jasło,5510.114085979407,82.6517112896911
District:JAWOROWSKI,JAWOROWSKI,District,23.332101138857873,49.965904590290485,Jaworów,5246.447671284789,78.69671506927183
District:JĘDRZEJOWSKI,JĘDRZEJOWSKI,District,20.257507407644656,50.65034668596931,Jędrzejów,1432.5993093913632,21.488989640870447
District:KALISKI,KALISKI,District,18.212829689824545,51.78444393004567,Opatówek,5007.23464785146,75.1085197177719
District:KAMIONECKI,KAMIONECKI,District,24.476425801732592,50.07299618195215,Sapieżanka,10228.304262787431,153.42456394181144
District:KARTUSKI,KARTUSKI,District,18.054548692021978,54.300561521022345,Somonino,9805.779824486006,147.08669736729007
District:KATOWICE,KATOWICE,District,19.003794512915594,50.25472626707485,Katowice Ligota,3693.738021743181,55.40607032614771
District:KAŁUSKI,KAŁUSKI,District,24.302215370102182,48.94907142158068,Dolina,23587.62492312385,353.81437384685773
District:KIELECKI,KIELECKI,District,20.66275851564129,50.89278099355134,Kielce,5693.862807676781,85.4079421151517
District:KOBRYŃSKI,KOBRYŃSKI,District,24.490192607884133,52.14353357686303,Kamień Poleski,6802.6952382905665,102.04042857435849
District:KOLBUSZOWSKI,KOLBUSZOWSKI,District,21.84061831385073,50.28824739743256,Dęba Rozalin,17115.71021180831,256.7356531771246
District:KOLSKI,KOLSKI,District,18.701263153805684,52.24145051763245,Koło,6259.345069664702,93.89017604497053
District:KONECKI,KONECKI,District,20.40423165441329,51.152269528691654,Końskie,4530.329784894301,67.95494677341452
District:KONIŃSKI,KONIŃSKI,District,18.121131526386613,52.21855276252433,Konin,9033.537387890196,135.50306081835294
District:KOPYCZYNIECKI,KOPYCZYNIECKI,District,26.015474531488692,49.105885178095924,Kopyczyńce,7809.574669641036,117.14362004461553
District:KOSOWSKI (KOSÓW HUCULSKI),KOSOWSKI (KOSÓW HUCULSKI),District,24.880007249362514,48.114871133520786,Worochta,30688.34843381078,460.3252265071617
District:KOSTOPOLSKI,KOSTOPOLSKI,District,26.591645958757244,50.98589874310796,Kostopol,16477.323317556675,247.1598497633501
District:KOSZYRSKI,KOSZYRSKI,District,25.119058767053023,51.679742655635614,Dalniki,11824.914136129937,177.37371204194906
District:KOWELSKI,KOWELSKI,District,24.771271445748045,51.33515386912191,Kowel,14367.878695729398,215.51818043594096
District:KOZIENICKI,KOZIENICKI,District,21.526398013618998,51.523161317323655,Kozienice,7066.807004120322,106.00210506180481
District:KOŁOMYJSKI,KOŁOMYJSKI,District,25.015055988932527,48.520170368158034,Kołomyja,3679.5838159501877,55.19375723925281
District:KOŚCIAŃSKI,KOŚCIAŃSKI,District,16.618306987455565,52.066803475000775,Kościan,2105.948518930645,31.58922778395968
District:KOŚCIERSKI,KOŚCIERSKI,District,18.08071070229922,54.0592267064926,Kościerzyna,9608.982534879031,144.13473802318546
District:KRAKOWSKI,KRAKOWSKI,District,19.919410775513274,50.030334636255574,Kraków Płaszów,4001.5219013985593,60.022828520978386
District:KRAKÓW (MIASTO),KRAKÓW (MIASTO),District,19.93916144912856,50.05692478626833,Kraków Płaszów,3527.954235273143,52.91931352909714
District:KRASNOSTAWSKI,KRASNOSTAWSKI,District,22.96641747202857,50.94429715561606,Krasnystaw,15668.194177576366,235.02291266364549
District:KROTOSZYŃSKI,KROTOSZYŃSKI,District,17.444640265460443,51.76369604219028,Koźmin Wielkopolski,6917.169824382779,103.75754736574167
District:KROŚNIEŃSKI,KROŚNIEŃSKI,District,21.685896508483022,49.66793522506022,Krosno,5410.353852816648,81.15530779224972
District:KRZEMIENIECKI,KRZEMIENIECKI,District,25.846449165563318,49.97472885662057,Krzemieniec,18973.759602439888,284.6063940365983
District:KUTNOWSKI,KUTNOWSKI,District,19.355954497293993,52.2469025885768,Kutno,2242.4583792155745,33.636875688233616
District:KĘPIŃSKI,KĘPIŃSKI,District,17.967421943597778,51.32161231470531,Kępno,4924.225413306237,73.86338119959355
District:LESKI,LESKI,District,22.44554890161702,49.30657534237683,Cisna,14261.296810523103,213.91945215784654
District:LESZCZYŃSKI,LESZCZYŃSKI,District,16.574194570512816,51.86955018586502,Leszno,2584.7217901315425,38.77082685197313
District:LIDZKI,LIDZKI,District,25.270473481622442,53.97781487873793,Lida,10755.711331582823,161.33566997374234
District:LIMANOWSKI,LIMANOWSKI,District,20.28449275073591,49.67872097810037,Limanowa,10361.721379329943,155.42582068994912
District:LIPNOWSKI,LIPNOWSKI,District,19.1457909485387,52.84872017829748,Lipno Płockie,1618.5292790052567,24.277939185078854
District:LUBACZOWSKI,LUBACZOWSKI,District,23.14869053856468,50.21811782646666,Lubaczów,7001.317429848506,105.01976144772759
District:LUBARTOWSKI,LUBARTOWSKI,District,22.596514700235407,51.47348683167268,Lubartów,3214.2278930154966,48.213418395232445
District:LUBAWSKI,LUBAWSKI,District,19.603702151892648,53.46066937477384,Nowe Miasto Lubawskie,3420.55196633099,51.30827949496485
District:LUBELSKI,LUBELSKI,District,22.5870571811902,51.164275164190705,Lublin,6411.514571429689,96.17271857144533
District:LUBLINIECKI,LUBLINIECKI,District,18.825623925372515,50.647131671210424,Strzebiń,6550.590720785835,98.25886081178753
District:LUBOMELSKI,LUBOMELSKI,District,23.94862910667788,51.36832892303446,Luboml,17124.814106217676,256.87221159326515
District:LWOWSKI,LWOWSKI,District,24.055831980917944,49.782172024451675,Lwów,6874.137296607674,103.11205944911511
District:LWÓW (MIASTO),LWÓW (MIASTO),District,24.02170804373554,49.839776532707475,Lwów,751.0280016346004,11.265420024519006
District:M. ST. WARSZAWA,M. ST. WARSZAWA,District,21.021244106455146,52.23765790706215,Warszawa Śródmieście,1305.2088277033881,19.578132415550822
District:MAKOWSKI (MAKÓW MAZOWIECKI),MAKOWSKI (MAKÓW MAZOWIECKI),District,21.214834418178537,52.93938696319394,Maków Mazowiecki,11916.012680786404,178.74019021179603
District:MIECHOWSKI,MIECHOWSKI,District,20.120362627577226,50.30009989688611,Miechów,9112.905229764128,136.6935784464619
District:MIELECKI,MIELECKI,District,21.392499759671725,50.29145916503474,Mielec,2636.745308891072,39.55117963336608
District:MIĘDZYCHODZKI,MIĘDZYCHODZKI,District,16.014052981525623,52.59613120684135,Międzychód,8220.30561942557,123.30458429138353
District:MIŃSKI,MIŃSKI,District,21.650521314384534,52.15560120255092,Mińsk Mazowiecki,6956.829115426493,104.35243673139739
District:MOGILEŃSKI,MOGILEŃSKI,District,18.10267982131202,52.63257190904869,Strzelno,4794.418981071481,71.9162847160722
District:MORSKI,MORSKI,District,18.26419310994877,54.60592457965519,Wejherowo,2299.6851036880616,34.49527655532093
District:MOŁODECZAŃSKI,MOŁODECZAŃSKI,District,26.87615888687388,54.21409265541142,Mołodeczno,10658.593257852308,159.8788988677846
District:MOŚCISKI,MOŚCISKI,District,23.182143384289677,49.77265038686626,Medyka,17380.187768812204,260.702816532183
District:MYŚLENICKI,MYŚLENICKI,District,19.9414735022134,49.77281379755347,Chabówka,19564.59127128755,293.4688690693132
District:MŁAWSKI,MŁAWSKI,District,20.21768911080459,53.08113681863883,Mława,11375.886879949248,170.63830319923872
District:NADWÓRNIAŃSKI,NADWÓRNIAŃSKI,District,24.47840089592582,48.516651103700646,Delatyn,10235.894798639505,153.53842197959256
District:NIESZAWSKI,NIESZAWSKI,District,18.65777858432286,52.64269071697054,Płowce,2843.8506931327183,42.657760396990774
District:NIEŚWIESKI,NIEŚWIESKI,District,26.65039263700322,53.11046022480797,Baranowicze Poleskie Wąskie,40800.30481218139,612.0045721827208
District:NIŻAŃSKI,NIŻAŃSKI,District,22.153989730942136,50.459419684514565,Rozwadów,16931.709020894905,253.97563531342357
District:NOWOGRÓDZKI,NOWOGRÓDZKI,District,25.80042448781762,53.56816686708275,Skrzydlewo,633.7442185312561,9.506163277968842
District:NOWOSĄDECKI,NOWOSĄDECKI,District,20.762839363862515,49.55643855828651,Nowy Sącz,6920.339233930502,103.80508850895752
District:NOWOTARSKI,NOWOTARSKI,District,20.004415672367724,49.43622445020838,Nowy Targ,5413.5322761959,81.20298414293849
District:NOWOTOMYSKI,NOWOTOMYSKI,District,16.211081567947467,52.337833710304366,Wąsowo,3939.561514459686,59.09342271689528
District:OBORNICKI,OBORNICKI,District,16.860376081373285,52.681220613866245,Oborniki Wielkopolskie,5235.110640268493,78.52665960402739
District:OLKUSKI,OLKUSKI,District,19.672765138445843,50.361681894370385,Olkusz,12242.708106070198,183.64062159105296
District:OPATOWSKI,OPATOWSKI,District,21.39075864858399,50.85168211489404,Ostrowiec Świętokrzyski,11057.546050471865,165.86319075707797
District:OPOCZYŃSKI,OPOCZYŃSKI,District,20.30660986733153,51.40117502913391,Opoczno,2717.208014152704,40.75812021229056
District:OSTROWSKI (OSTRÓW MAZOWIECKA),OSTROWSKI (OSTRÓW MAZOWIECKA),District,21.923603048968793,52.76319775787508,Ostrów Mazowiecka,7665.789617627623,114.98684426441433
District:OSTROWSKI (OSTRÓW WIELKOPOLSKI),OSTROWSKI (OSTRÓW WIELKOPOLSKI),District,17.814274492301852,51.60186307688515,Ostrów Wielkopolski,5303.030285841622,79.54545428762432
District:OSTROŁĘCKI,OSTROŁĘCKI,District,21.563383862678453,53.19436998555114,Ostrołęka Północna Wąskotorowa,11779.862387879553,176.6979358181933
District:OSZMIAŃSKI,OSZMIAŃSKI,District,26.018413739632834,54.38421671606767,Oszmiana,16875.011542024604,253.12517313036906
District:PIOTRKOWSKI,PIOTRKOWSKI,District,19.563378589701546,51.35924275239889,Piotrków Trybunalski,10567.186360623828,158.50779540935739
District:PIŃCZOWSKI,PIŃCZOWSKI,District,20.524464002834492,50.365449190595605,Cudzynowice,7847.200506368961,117.70800759553441
District:PIŃSKI,PIŃSKI,District,26.036210094808943,52.05301208939409,Pińsk,7928.1651989983675,118.92247798497552
District:PODHAJECKI,PODHAJECKI,District,25.163526244288164,49.26028432369879,Podhajce,2691.4869456275273,40.372304184412904
District:POSTAWSKI,POSTAWSKI,District,27.067965528498714,55.03407418421316,Woropajewo,14971.028590625498,224.56542885938245
District:POZNAŃ (MIASTO),POZNAŃ (MIASTO),District,16.926120840633185,52.405812211312416,Poznań (Dawny Dworzec),719.2436260594446,10.78865439089167
District:POZNAŃSKI,POZNAŃSKI,District,16.89567501695441,52.413132648090844,Poznań (Dawny Dworzec),2146.090373878288,32.19135560817432
District:PRUŻAŃSKI,PRUŻAŃSKI,District,24.514712110521963,52.54811524699239,Prużana,3454.4837644437443,51.81725646665617
District:PRZASNYCKI,PRZASNYCKI,District,20.9209282055759,53.16014145958039,Chorzele,13381.99722205804,200.72995833087057
District:PRZEMYSKI,PRZEMYSKI,District,22.72620371646614,49.78276788368414,Przemyśl,4488.103250447497,67.32154875671246
District:PRZEMYŚLAŃSKI,PRZEMYŚLAŃSKI,District,24.570921148432117,49.681834140741884,Wołków,7121.233076616076,106.81849614924113
District:PRZEWORSKI,PRZEWORSKI,District,22.43657937536727,50.025600052704824,Kańczuga,4882.719661903884,73.24079492855826
District:PSZCZYŃSKI,PSZCZYŃSKI,District,18.93197806543218,50.07183984527378,Tychy,7540.128811043496,113.10193216565244
District:PUŁAWSKI,PUŁAWSKI,District,22.046062150883426,51.30574365544436,Karczmiska,10561.621624313906,158.4243243647086
District:PUŁTUSKI,PUŁTUSKI,District,21.079003919678243,52.64529064243493,Nasielsk,19157.46875248848,287.36203128732717
District:PŁOCKI,PŁOCKI,District,19.88506455491314,52.59376500231448,Płock,13319.191905977303,199.78787858965953
District:PŁOŃSKI,PŁOŃSKI,District,20.402237807487936,52.593337121964915,Płońsk,3907.4953971617033,58.612430957425545
District:RADOMSKI,RADOMSKI,District,21.03774654810528,51.433690746664,Radom,8764.036953856397,131.46055430784594
District:RADOMSZCZAŃSKI,RADOMSZCZAŃSKI,District,19.452586399934564,51.03386120640227,Radomsko,3781.305651824523,56.71958477736784
District:RADZIECHOWSKI,RADZIECHOWSKI,District,24.740073640581713,50.25101376373184,Stojanów,15038.799985146474,225.58199977719707
District:RADZYMIŃSKI,RADZYMIŃSKI,District,21.412040830508364,52.43558650509417,Tłuszcz,1658.830383678789,24.882455755181834
District:RADZYŃSKI,RADZYŃSKI,District,22.799878568163066,51.832580869099026,Radzyń Podlaski,9107.12397641011,136.60685964615166
District:RAWICKI,RAWICKI,District,16.96925635926989,51.64520579836733,Miejska Górka,1168.8098341744235,17.53214751261635
District:RAWSKI (RAWA MAZOWIECKA),RAWSKI (RAWA MAZOWIECKA),District,20.30496945259106,51.689747664375375,Rawa Mazowiecka,9491.81442852882,142.37721642793227
District:RAWSKI (RAWA RUSKA),RAWSKI (RAWA RUSKA),District,23.66986548985857,50.266259244964516,Rawa Ruska,5136.819851653599,77.05229777480398
District:ROHATYŃSKI,ROHATYŃSKI,District,24.61105938145219,49.33556191187163,Podwysokie,13099.7490969902,196.49623645485298
District:ROPCZYCKI,ROPCZYCKI,District,21.483681364359093,50.047726556178304,Dębica,5680.5078573838755,85.20761786075812
District:RUDECKI,RUDECKI,District,23.58426470619096,49.61844434223511,Gródek Jagielloński,19018.538176098213,285.27807264147316
District:RYBNICKI,RYBNICKI,District,18.53243460096585,50.06930927471088,Niedobczyce,2250.4348186424686,33.756522279637025
District:RYPIŃSKI,RYPIŃSKI,District,19.420918887806984,53.049702376094245,Rypin,1479.4674158943453,22.19201123841518
District:RZESZOWSKI,RZESZOWSKI,District,21.966286030462527,49.98062949396636,Rzeszów,6894.725063811737,103.42087595717605
District:RÓWIEŃSKI,RÓWIEŃSKI,District,26.506547392925757,50.66422384331121,Równe,19296.228598141148,289.4434289721172
District:SAMBORSKI,SAMBORSKI,District,23.175590806807524,49.50714852209913,Sambor,1982.3392862690014,29.735089294035017
District:SANDOMIERSKI,SANDOMIERSKI,District,21.47305837884398,50.61970910420182,Bogoria,16105.03568105502,241.57553521582528
District:SANOCKI,SANOCKI,District,22.04443738107173,49.489928032582164,Rzepedź,12654.95041809986,189.82425627149786
District:SARNEŃSKI,SARNEŃSKI,District,26.567538499097132,51.381936663497136,Sarny,5391.263224268686,80.86894836403029
District:SIEDLECKI,SIEDLECKI,District,22.44278395352504,52.17938284081443,Siedlce,11815.865779466647,177.23798669199968
District:SIERADZKI,SIERADZKI,District,18.708742231121303,51.590472658746215,Sieradz,948.6367002956052,14.229550504434078
District:SIERPECKI,SIERPECKI,District,19.85900206179583,52.869092138291784,Sierpc,13425.368124098528,201.38052186147792
District:SKAŁACKI,SKAŁACKI,District,26.056402552456635,49.404452627871905,Grzymałów,6946.8605078565715,104.20290761784857
District:SKIERNIEWICKI,SKIERNIEWICKI,District,20.210515325714802,51.90471984728759,Skierniewice,8094.859211494189,121.42288817241283
District:SOCHACZEWSKI,SOCHACZEWSKI,District,20.299411718102302,52.28206454418526,Tułowice Sochaczewskie,7022.1780196537475,105.3326702948062
District:SOKALSKI,SOKALSKI,District,24.235684582969824,50.432399840638055,Krystynopol,4277.377992608401,64.16066988912601
District:SOKOŁOWSKI,SOKOŁOWSKI,District,22.306929651644403,52.480348241421716,Sokołów Podlaski,8841.281894203914,132.6192284130587
District:SOKÓLSKI,SOKÓLSKI,District,23.44438309065828,53.46384098204702,Sokółka,7826.12217606417,117.39183264096255
District:STANISŁAWOWSKI,STANISŁAWOWSKI,District,24.652444609210697,48.95621490378497,Stanisławów,6240.99251127166,93.6148876690749
District:STAROGARDZKI,STAROGARDZKI,District,18.40311598190127,53.84766629860425,Skórcz,9933.004446659954,148.9950666998993
District:STOLIŃSKI,STOLIŃSKI,District,27.016267886859147,51.82415694947229,Horyń,16318.05313348941,244.77079700234114
District:STOPNICKI,STOPNICKI,District,20.907818285883568,50.505459147174754,Staszów Wąskotorowy,19702.960242828707,295.5444036424306
District:STOŁPECKI,STOŁPECKI,District,26.538387483183072,53.6081541538556,Stołpce,20201.345217647286,303.0201782647093
District:STRYJSKI,STRYJSKI,District,23.59540302049228,49.0589940618255,Truskawiec Zdrój,25651.36545280422,384.77048179206326
District:SUWALSKI,SUWALSKI,District,23.062012436623917,54.13121701215814,Suwałki,9081.93687517456,136.2290531276184
District:SZAMOTULSKI,SZAMOTULSKI,District,16.401063811555424,52.60506706696583,Binino,4232.866798306659,63.493001974599885
District:SZCZUCZYŃSKI (WOJ. BIAŁOSTOCKIE),SZCZUCZYŃSKI (WOJ. BIAŁOSTOCKIE),District,22.48163834858101,53.56272199618886,Grajewo,8733.9830514108,131.009745771162
District:SZCZUCZYŃSKI (WOJ. NOWOGRÓDZKIE),SZCZUCZYŃSKI (WOJ. NOWOGRÓDZKIE),District,24.749989479891568,53.67754876230049,Mosty,30975.07173965615,464.62607609484223
District:SZUBIŃSKI,SZUBIŃSKI,District,17.714658977286362,52.98515576669759,Szubin,3553.0475835994175,53.29571375399126
District:SĘPOLEŃSKI,SĘPOLEŃSKI,District,17.52193101404222,53.435290096199104,Sępólno Krajeńskie,2780.509734634372,41.70764601951557
District:SŁONIMSKI,SŁONIMSKI,District,25.244632813530192,53.137014239115445,Słonim,7023.0922394084055,105.34638359112608
District:TARNOBRZESKI,TARNOBRZESKI,District,21.838257204478246,50.57894402743309,Grębów,2749.329335049485,41.23994002574227
District:TARNOGÓRSKI,TARNOGÓRSKI,District,18.891047167176335,50.475011260794474,Tarnowskie Góry Lasowice,2690.350499030822,40.355257485462324
District:TARNOPOLSKI,TARNOPOLSKI,District,25.55620843624334,49.53529309953022,Tarnopol,3471.0138626838125,52.06520794025719
District:TARNOWSKI,TARNOWSKI,District,21.00206776906625,49.94975214987664,Tarnów,6468.102264216989,97.02153396325483
District:TCZEWSKI,TCZEWSKI,District,18.733669704783853,53.94017413549248,Wielkie Walichnowy,8148.630383930877,122.22945575896316
District:TOMASZOWSKI,TOMASZOWSKI,District,23.53194636118548,50.53275162030312,Wożuczyn,4598.357620401282,68.97536430601922
District:TORUŃSKI,TORUŃSKI,District,18.57697786001444,53.07748346661538,Olek,2323.6597822251174,34.85489673337676
District:TREMBOWELSKI,TREMBOWELSKI,District,25.68154386656704,49.26824923418694,Trembowla,3539.1107148771216,53.08666072315682
District:TUCHOLSKI,TUCHOLSKI,District,17.94656696390864,53.59273105504347,Tuchola,5818.720888585248,87.28081332877872
District:TURCZAŃSKI,TURCZAŃSKI,District,22.98116536459777,49.14147434874563,Turka,4041.9321050801113,60.62898157620167
District:TURECKI,TURECKI,District,18.65567724357085,51.92231799663011,Turek,14400.773718302602,216.01160577453902
District:TŁUMACKI,TŁUMACKI,District,24.967818157893443,48.84309165161105,Tłumacz,3719.3624846419902,55.79043726962985
District:WADOWICKI,WADOWICKI,District,19.5456288616413,49.84092064988051,Skawce,4788.129261566231,71.82193892349346
District:WARSZAWSKI,WARSZAWSKI,District,21.00066823984591,52.264649254491246,Warszawa Gdańska,838.9116662643627,12.58367499396544
District:WIELUŃSKI,WIELUŃSKI,District,18.551944506424135,51.24072884288862,Wieluń,2587.5168334012137,38.8127525010182
District:WILEJSKI,WILEJSKI,District,27.034669653508534,54.580844833567575,Mołodeczno,32988.14811067016,494.8222216600524
District:WILEŃSKO-TROCKI,WILEŃSKO-TROCKI,District,25.30001020492474,54.60590765291512,Wilno,9099.257863157996,136.48886794736993
District:WILNO (MIASTO),WILNO (MIASTO),District,25.29136239525154,54.6883909574359,Wilno,565.2211630297282,8.478317445445922
District:WOLSZTYŃSKI,WOLSZTYŃSKI,District,16.127907028918838,52.111951752113725,Wolsztyn,1199.2209856331142,17.988314784496712
District:WOŁKOWYSKI,WOŁKOWYSKI,District,24.381201293170374,53.04754164268685,Andrzejewicze,8951.792620363127,134.2768893054469
District:WOŁOŻYŃSKI,WOŁOŻYŃSKI,District,26.358256155285595,54.016064222311044,Lubcz,34989.22305674659,524.8383458511988
District:WRZESIŃSKI,WRZESIŃSKI,District,17.6269941612718,52.284638889086274,Września,6163.568466377884,92.45352699566826
District:WYRZYSKI,WYRZYSKI,District,17.34905530880152,53.202583904703964,Radzicz Rozgraniczenie,2058.7793201119644,30.881689801679464
District:WYSOKOMAZOWIECKI,WYSOKOMAZOWIECKI,District,22.628359459293243,52.94981244304511,Łapy,17713.670929296513,265.7050639394477
District:WĄBRZESKI,WĄBRZESKI,District,18.940996561239633,53.219950802918824,Wąbrzeźno,5739.681298537771,86.09521947806657
District:WĄGROWIECKI,WĄGROWIECKI,District,17.266877165449536,52.81186245127136,Wągrowiec,4380.565329646646,65.70847994469969
District:WĘGROWSKI,WĘGROWSKI,District,21.896894068440897,52.44660286913983,Sokołów Podlaski,24568.683229380295,368.53024844070444
District:WŁOCŁAWSKI,WŁOCŁAWSKI,District,19.04587176115696,52.51376913200544,Jerzmanowo,8778.038440613314,131.6705766091997
District:WŁODAWSKI,WŁODAWSKI,District,23.259249625293275,51.5601939824503,Włodawa,18831.31288753636,282.4696933130454
District:WŁODZIMIERSKI,WŁODZIMIERSKI,District,24.28576633878208,50.86212198376485,Włodzimierz Wołyński,4130.7726757870805,61.9615901368062
District:WŁOSZCZOWSKI,WŁOSZCZOWSKI,District,19.876510285931552,50.76981681751156,Włoszczowa,11144.965198699856,167.1744779804978
District:ZALESZCZYCKI,ZALESZCZYCKI,District,25.73150252917906,48.76569043935611,Zaleszczyki,13387.649998914674,200.8147499837201
District:ZAMOJSKI,ZAMOJSKI,District,23.112881968017902,50.692354148868915,Zawada,2774.0080940936323,41.610121411404485
District:ZBARASKI,ZBARASKI,District,25.914394638917546,49.65652858738532,Zbaraż,9942.158250741917,149.13237376112875
District:ZBOROWSKI,ZBOROWSKI,District,25.224304636362575,49.72342107419625,Złoczów,25165.719763084962,377.48579644627443
District:ZDOŁBUNOWSKI,ZDOŁBUNOWSKI,District,26.330131394462782,50.38699066541095,Mohylany,16435.946714251026,246.53920071376535
District:ZŁOCZOWSKI,ZŁOCZOWSKI,District,24.837289410420695,49.85092166517273,Złoczów,6707.782547431482,100.61673821147222
District:ŁASKI,ŁASKI,District,19.11935604288984,51.53321627720546,Zduńska Wola Karsznice,10630.02889772451,159.45043346586766
District:ŁAŃCUCKI,ŁAŃCUCKI,District,22.334998153509932,50.185689402002644,Leżajsk,10598.368567345738,158.97552851018605
District:ŁOMŻYŃSKI,ŁOMŻYŃSKI,District,22.15636061196906,53.171637519443,Łomża,7068.308651369177,106.02462977053764
District:ŁOWICKI,ŁOWICKI,District,19.88525533175227,52.09504943737443,Łowicz Przedmieście,4216.36985143245,63.24554777148674
District:ŁUCKI,ŁUCKI,District,25.471042390590046,50.91325575795217,Kiwierce,9077.231560295351,136.15847340443025
District:ŁUKOWSKI,ŁUKOWSKI,District,22.267864533131398,51.849399890955674,Łuków,13233.256793595525,198.49885190393286
District:ŁUNINIECKI,ŁUNINIECKI,District,26.843528398887454,52.501314337487266,Dziatłowicze,16129.449913299872,241.94174869949805
District:ŁÓDZKI,ŁÓDZKI,District,19.44320226749462,51.73996491099628,Łódź Kaliska,2170.709707947415,32.56064561921122
District:ŁÓDŹ (MIASTO),ŁÓDŹ (MIASTO),District,19.458051227273767,51.76425234212019,Łódź Fabryczna,1042.9045288183086,15.643567932274628
District:ŁĘCZYCKI,ŁĘCZYCKI,District,19.19994144565728,52.02959928719839,Łęczyca,2189.8444945517413,32.84766741827612
District:ŚNIATYŃSKI,ŚNIATYŃSKI,District,25.415719101841223,48.469539589707516,Śniatyn,10245.283824251777,153.67925736377666
District:ŚREDZKI,ŚREDZKI,District,17.29342040552617,52.265902621410305,Środa Wielkopolska Miasto,4991.482031777109,74.87223047665663
District:ŚREMSKI,ŚREMSKI,District,17.03586294591824,52.13184261015159,Śrem,4928.0470535576715,73.92070580336507
District:ŚWIECKI,ŚWIECKI,District,18.39450368523908,53.512702186964944,Laskowice Pomorskie,4734.382029291137,71.01573043936705
District:ŚWIĘCIAŃSKI,ŚWIĘCIAŃSKI,District,26.23465343302582,55.10385883166343,Łyntupy,8492.828271394854,127.3924240709228
District:ŚWIĘTOCHŁOWICKI,ŚWIĘTOCHŁOWICKI,District,18.926383859554246,50.33104851084789,Bytom,1588.7346272278005,23.83101940841701
District:ŻNIŃSKI,ŻNIŃSKI,District,17.66965147153283,52.79166016156094,Biskupin,4764.901733671074,71.4735260050661
District:ŻYDACZOWSKI,ŻYDACZOWSKI,District,24.12304840067873,49.35210174828882,Chodorów,14531.698302900093,217.9754745435014
District:ŻYWIECKI,ŻYWIECKI,District,19.223138583960843,49.61523963900451,Żywiec,8334.769034096527,125.0215355114479
District:ŻÓŁKIEWSKI,ŻÓŁKIEWSKI,District,24.052265343441007,50.10816546095291,Żółkiew,8914.881604793873,133.72322407190808
City:Aleksandrów (Łódzki),Aleksandrów (Łódzki),City,19.304444,51.819444,Zgierz,8990.950125310432,134.86425187965648
City:Aleksandrów Kujawski,Aleksandrów Kujawski,City,18.693333,52.876389,Aleksandrów Kujawski,260.1995018554135,3.902992527831202
City:Andrychów,Andrychów,City,19.341111,49.855,Wadowice,11336.391902347968,170.04587853521952
City:Augustów,Augustów,City,22.9775,53.843611,Augustów,3347.348334089875,50.21022501134813
City:Baranowicze,Baranowicze,City,25.983333,53.116667,Baranowicze,1862.8208264332914,27.942312396499368
City:Baranów (Sandomierski),Baranów (Sandomierski),City,21.541389,50.499722,Ocice,10964.684323262802,164.470264848942
City:Barcin,Barcin,City,17.947222,52.863889,Barcin,1373.7923281307208,20.60688492196081
City:Barysz,Barysz,City,25.266667,49.033333,Buczacz,8413.73640725819,126.20604610887284
City:Beresteczko,Beresteczko,City,25.116667,50.35,Sienkiewiczówka,20763.370199021178,311.45055298531764
City:Bereza Kartuska,Bereza Kartuska,City,24.966667,52.55,Bereza Kartuska,4945.738829600886,74.18608244401328
City:Bereźne,Bereźne,City,26.739444,50.996667,Kostopol,25053.365065797723,375.8004759869658
City:Bełchatów,Bełchatów,City,19.362222,51.363611,Piotrków Trybunalski,23376.113516025518,350.64170274038275
City:Bełz,Bełz,City,24.0,50.366667,Krystynopol,17312.72709902653,259.69090648539793
City:Biała Krakowska (dziś część Bielska-Białej),Biała Krakowska (dziś część Bielska-Białej),City,19.050833,49.823333,Bielsko Biała,835.6583084940621,12.534874627410932
City:Biała Podlaska,Biała Podlaska,City,23.116667,52.033333,Biała Podlaska,1860.80272202286,27.9120408303429
City:Biała Rawska,Biała Rawska,City,20.471944,51.8075,Biała Rawska,590.0603724378936,8.850905586568405
City:Białystok,Białystok,City,23.145556,53.135278,Białystok,675.6835126246932,10.135252689370397
City:Biecz,Biecz,City,21.2625,49.731944,Gorlice Zagórzany,6400.376092935139,96.0056413940271
City:Bielsk Podlaski,Bielsk Podlaski,City,23.191944,52.768333,Bielsk Podlaski,751.0347836924836,11.265521755387255
City:Bielsko (dziś część Bielska-Białej),Bielsko (dziś część Bielska-Białej),City,19.042717,49.821194,Bielsko Biała,959.4415802372463,14.391623703558695
City:Bieruń Stary,Bieruń Stary,City,19.091537,50.090995,Lędziny,6296.681284023811,94.45021926035716
City:Biłgoraj,Biłgoraj,City,22.721944,50.540833,Biłgoraj,1439.7148819649462,21.595723229474192
City:Bnin (Kórnik),Bnin (Kórnik),City,17.096111,52.231389,Zaniemyśl,9598.228358447299,143.97342537670949
City:Bobrek (dziś część Cieszyna),Bobrek (dziś część Cieszyna),City,18.651944,49.755556,Cieszyn,1183.8321649539157,17.757482474308734
City:Bochnia,Bochnia,City,20.43,49.968889,Bochnia,937.2997543947359,14.05949631592104
City:Bogumin,Bogumin,City,18.354444,49.903611,Bogumin,438.69034678217133,6.58035520173257
City:Bogumin Nowy,Bogumin Nowy,City,18.357778,49.903611,Bogumin,295.43056841561514,4.431458526234227
City:Bohorodczany,Bohorodczany,City,24.533333,48.8,Chryplin,18326.495617035762,274.89743425553644
City:Bojanowo,Bojanowo,City,16.749444,51.707222,Bojanowo,912.0581534911233,13.680872302366849
City:Bolechów,Bolechów,City,23.866667,49.05,Dolina,11419.607093534807,171.29410640302208
City:Borek,Borek,City,17.243056,51.916389,Piaski Wielkopolskie,12711.720556726445,190.67580835089666
City:Borszczów,Borszczów,City,26.05,48.8,Teresin,5897.81619195316,88.4672428792974
City:Borysław,Borysław,City,23.4175,49.281944,Borysław,1853.3841752183555,27.80076262827533
City:Boćki,Boćki,City,23.044722,52.651389,Bielsk Podlaski,15648.87574769552,234.73313621543278
City:Bołszowce,Bołszowce,City,24.746389,49.185556,Halicz,5479.874196782776,82.19811295174165
City:Brańsk,Brańsk,City,22.833333,52.745556,Bielsk Podlaski,23965.85119232504,359.48776788487555
City:Brasław,Brasław,City,27.061389,55.643333,Brasław,1145.3577157689601,17.1803657365344
City:Brodnica,Brodnica,City,19.395556,53.259722,Brodnica,812.6248567093986,12.189372850640979
City:Brody,Brody,City,25.143889,50.084444,Brody,1171.6212986157805,17.574319479236706
City:Brok,Brok,City,21.859722,52.7,Małkinia,11855.351982178401,177.83027973267602
City:Brzesko,Brzesko,City,20.606389,49.968889,Bochnia,12548.22954320783,188.22344314811744
City:Brzeziny,Brzeziny,City,19.751389,51.800278,Koluszki,7722.677914237705,115.84016871356557
City:Brześć Kujawski,Brześć Kujawski,City,18.898056,52.605,Brześć Kujawski,0.0,0.0
City:Brześć nad Bugiem,Brześć nad Bugiem,City,23.679281,52.100594,Brześć nad Bugiem,84.62669012315054,1.2694003518472579
City:Brzeżany,Brzeżany,City,24.9431,49.441228,Potutory,5515.251811704412,82.72877717556618
City:Brzostek,Brzostek,City,21.4103,49.879708,Jasło,15934.820830628028,239.02231245942042
City:Brzozów,Brzozów,City,22.019444,49.695278,Krosno,19202.819970293833,288.04229955440746
City:Buczacz,Buczacz,City,25.4,49.05,Buczacz,2256.914987769253,33.853724816538794
City:Budzanów,Budzanów,City,25.705556,49.163889,Trembowla,14998.784794147352,224.98177191221026
City:Budzyń,Budzyń,City,16.988611,52.889444,Chodzież,12783.747945335077,191.75621918002614
City:Buk,Buk,City,16.5175,52.356667,Sędziny,7479.979491688167,112.1996923753225
City:Bursztyn,Bursztyn,City,24.630561,49.2635,Halicz,15904.356554640199,238.56534831960298
City:Busk,Busk,City,24.613611,49.966111,Krasne,5485.220162350495,82.27830243525743
City:Busko (dziś Busko-Zdrój),Busko (dziś Busko-Zdrój),City,20.718889,50.470556,Wiślica,13940.195879709643,209.10293819564464
City:Bydgoszcz,Bydgoszcz,City,18.011111,53.125,Bydgoszcz,801.5502371079717,12.023253556619576
City:Bóbrka (Ukraina),Bóbrka (Ukraina),City,24.293944,49.638222,Kurowice,16481.058362608066,247.215875439121
City:Będzin,Będzin,City,19.129167,50.323889,Będzin,1854.593004461762,27.818895066926427
City:Błaszki,Błaszki,City,18.433333,51.651944,Opatówek,18037.14513977327,270.55717709659905
City:Błażowa,Błażowa,City,22.099444,49.883333,Dynów,13290.590705812578,199.35886058718867
City:Błonie,Błonie,City,20.616944,52.196667,Błonie,1295.1226872462862,19.426840308694292
City:Chełm,Chełm,City,23.477778,51.132222,Chełm,1509.4365485383867,22.6415482280758
City:Chełmno,Chełmno,City,18.422778,53.349167,Chełmno,1054.3882251302696,15.815823376954041
City:Chełmża,Chełmża,City,18.603611,53.186667,Chełmża,382.7474909772793,5.74121236465919
City:Chmielnik,Chmielnik,City,20.749722,50.611667,Stawiany Pińczowskie,11743.46225132554,176.1519337698831
City:Chodecz,Chodecz,City,19.028333,52.405278,Boniewo,12355.848734921972,185.33773102382958
City:Chodorów,Chodorów,City,24.316667,49.4,Chodorów,567.9320216635043,8.518980324952564
City:Chodzież,Chodzież,City,16.912222,52.99,Chodzież,471.2818234709066,7.069227352063598
City:Chojnice,Chojnice,City,17.556389,53.694167,Chojnice,1452.193228208142,21.782898423122127
City:Chorostków,Chorostków,City,25.916667,49.216667,Kopyczyńce,12226.194444213867,183.39291666320798
City:Choroszcz,Choroszcz,City,22.985556,53.143056,Białystok,10083.917492134953,151.2587623820243
City:Chorzele,Chorzele,City,20.899167,53.261111,Chorzele,3526.3433649166914,52.89515047375037
City:Chrzanów,Chrzanów,City,19.403889,50.141111,Chrzanów,960.4162532224476,14.406243798336712
City:Chyrów,Chyrów,City,22.85,49.533333,Chyrów,189.6134197469919,2.8442012962048784
City:Chęciny,Chęciny,City,20.467222,50.802778,Kielce,11557.755191672706,173.36632787509058
City:Chorzów,Chorzów,City,18.95,50.3,Chorzów Miasto,177.49403683173344,2.662410552476002
City:Ciechanowiec,Ciechanowiec,City,22.491667,52.686111,Małkinia,30902.337053307467,463.53505579961194
City:Ciechanów,Ciechanów,City,20.610556,52.881667,Ciechanów,1345.244341304751,20.178665119571267
City:Ciechocinek,Ciechocinek,City,18.781667,52.878056,Ciechocinek,723.3815281097948,10.850722921646922
City:Cieszanów,Cieszanów,City,23.129444,50.245278,Lubaczów,9781.929480524514,146.72894220786768
City:Cieszyn,Cieszyn,City,18.633056,49.748333,Cieszyn,409.2158087357618,6.138237131036427
City:Ciężkowice,Ciężkowice,City,20.973611,49.786111,Stróże,14678.214603105505,220.17321904658257
City:Czarnków,Czarnków,City,16.564167,52.904444,Czarnków,1329.9515530791236,19.949273296186853
City:Czarny Dunajec,Czarny Dunajec,City,19.854167,49.439444,Podczerwone,4182.235061589953,62.73352592384929
City:Czeladź,Czeladź,City,19.070278,50.317222,Siemianowice Śląskie,3784.3777044558997,56.76566556683849
City:Czempiń,Czempiń,City,16.75915,52.142833,Czempiń,576.6317867989059,8.649476801983587
City:Czerniejewo,Czerniejewo,City,17.491667,52.429167,Września,12620.228123105004,189.30342184657505
City:Czersk,Czersk,City,17.973889,53.792778,Czersk,903.2356049414752,13.548534074122127
City:Czortków,Czortków,City,25.766667,49.0,Biała Czortkowska,4098.088873704136,61.47133310556204
City:Częstochowa,Częstochowa,City,19.138333,50.817778,Częstochowa,1692.519671308567,25.387795069628506
City:Dawidgródek,Dawidgródek,City,27.213889,52.055556,Mikaszewicze,25831.32127397289,387.46981910959335
City:Delatyn,Delatyn,City,24.623611,48.528611,Delatyn,2283.5965491605084,34.25394823740762
City:Dobczyce,Dobczyce,City,20.091389,49.879167,Zagórzany,10281.779081941047,154.2266862291157
City:Dobra,Dobra,City,18.615278,51.916111,Turek,13227.331693822829,198.40997540734242
City:Dobromil,Dobromil,City,22.789444,49.570556,Chyrów,6185.711163870318,92.78566745805477
City:Dobrzyń nad Drwęcą,Dobrzyń nad Drwęcą,City,19.052778,53.108889,Golub Dobrzyń,567.9667736194647,8.51950160429197
City:Dobrzyń nad Wisłą,Dobrzyń nad Wisłą,City,19.321389,52.637778,Włocławek,17068.67593650792,256.0301390476188
City:Dokszyce,Dokszyce,City,27.766667,54.883333,Królewszczyzna,16171.43725097114,242.5715587645671
City:Dolina,Dolina,City,24.0,48.966667,Dolina,2094.5850504811533,31.418775757217297
City:Dolsk,Dolsk,City,17.065833,51.986667,Piaski Wielkopolskie,11607.636560953713,174.1145484143057
City:Drohiczyn nad Bugiem,Drohiczyn nad Bugiem,City,22.659167,52.397222,Siemiatycze,14265.536241196685,213.98304361795027
City:Drohiczyn Poleski,Drohiczyn Poleski,City,25.15,52.183333,Drohiczyn,6689.205549344698,100.33808324017046
City:Drohobycz,Drohobycz,City,23.5,49.35,Drohobycz,3216.941877793316,48.25412816689974
City:Druskieniki,Druskieniki,City,23.966667,54.016667,Druskienniki,1096.9891470541368,16.45483720581205
City:Dubienka,Dubienka,City,23.8925,51.048333,Matcze,13538.187151094115,203.07280726641173
City:Dubno,Dubno,City,25.762222,50.407222,Kamienica Wołyńska,7643.9831297772935,114.6597469466594
City:Dukla,Dukla,City,21.683333,49.555556,Krosno,15681.793360633614,235.2269004095042
City:Działdowo,Działdowo,City,20.177778,53.236111,Działdowo,710.8876060394638,10.663314090591957
City:Działoszyce,Działoszyce,City,20.3525,50.365,Działoszyce,456.7546392641011,6.851319588961516
City:Dzisna,Dzisna,City,28.225833,55.562778,Zahacie,25333.940091020388,380.00910136530575
City:Dąbie,Dąbie,City,18.822222,52.090556,Dąbie,3015.791555483213,45.23687333224819
City:Dąbrowa (Tarnowska),Dąbrowa (Tarnowska),City,20.986389,50.174722,Dąbrowa Tarnowska,969.2133188737614,14.538199783106421
City:Dąbrowa Grodzieńska (dziś Dąbrowa Białostocka),Dąbrowa Grodzieńska (dziś Dąbrowa Białostocka),City,23.348611,53.653611,Kamienna Nowa,6776.022488166805,101.64033732250206
City:Dąbrowa Górnicza,Dąbrowa Górnicza,City,19.187222,50.321389,Dąbrowa Górnicza,965.1664816923081,14.47749722538462
City:Dąbrowica,Dąbrowica,City,26.566667,51.566667,Dąbrowica,2084.1554457719044,31.262331686578566
City:Dębica,Dębica,City,21.409444,50.050833,Dębica,488.69023904045093,7.330353585606764
City:Fordon (dziś część Bydgoszczy),Fordon (dziś część Bydgoszczy),City,18.167772,53.147631,Fordon,599.245829596248,8.98868744394372
City:Frysztat,Frysztat,City,18.542778,49.854167,Zebrzydowice,6140.614862658215,92.10922293987322
City:Garwolin,Garwolin,City,21.615,51.896944,Garwolin,4273.391964863936,64.10087947295904
City:Gdynia,Gdynia,City,18.539444,54.519167,Gdynia Główna,682.7559800966628,10.241339701449942
City:Gliniany (dziś Ukraina),Gliniany (dziś Ukraina),City,24.515556,49.822194,Kurowice,9604.161121604115,144.0624168240617
City:Gniew,Gniew,City,18.8225,53.835556,Gniew,229.5652713483714,3.4434790702255706
City:Gniewkowo,Gniewkowo,City,18.406389,52.895,Toruń Północny,16521.24720340633,247.81870805109492
City:Gniezno,Gniezno,City,17.603611,52.545,Gniezno Winiary,1709.1859533071342,25.63778929960701
City:Golina,Golina,City,18.092778,52.242778,Konin,10928.166324423799,163.92249486635697
City:Golub,Golub,City,19.053333,53.116667,Golub Dobrzyń,317.71142337638634,4.765671350645794
City:Goniądz,Goniądz,City,22.733333,53.489722,Grajewo,24750.65612412837,371.25984186192557
City:Gorlice,Gorlice,City,21.159167,49.654444,Gorlice,1358.4908217662446,20.377362326493667
City:Gostynin,Gostynin,City,19.461667,52.429167,Gostynin,559.3411655972867,8.3901174839593
City:Gostyń,Gostyń,City,17.0125,51.886111,Gostyń,963.5014452474096,14.452521678711143
City:Gołańcz,Gołańcz,City,17.299444,52.943889,Gołańcz,88.20135799879314,1.323020369981897
City:Grabów (nad Prosną),Grabów (nad Prosną),City,19.009528,52.128333,Dąbie,10571.319104542596,158.56978656813894
City:Grajewo,Grajewo,City,22.455,53.646667,Grajewo,775.2579023317519,11.628868534976277
City:Grodno,Grodno,City,23.833333,53.666667,Grodno,1870.04605096493,28.050690764473945
City:Grodzisk (Wielkopolski),Grodzisk (Wielkopolski),City,16.366667,52.225,Grodzisk Wielkopolski,576.720942722567,8.650814140838504
City:Grodzisk Mazowiecki,Grodzisk Mazowiecki,City,20.631667,52.106389,Grodzisk Mazowiecki,779.0600586837365,11.685900880256048
City:Grudziądz,Grudziądz,City,18.756944,53.486944,Grudziądz,593.8911132492791,8.908366698739185
City:Grybów,Grybów,City,20.948333,49.624444,Stróże,3854.336231205751,57.815043468086266
City:Grzymałów (dziś Ukraina),Grzymałów (dziś Ukraina),City,26.009167,49.328611,Grzymałów,2669.812676082932,40.04719014124397
City:Gwoździec,Gwoździec,City,25.283333,48.583333,Kołomyja,17358.774702480438,260.3816205372066
City:Gródek Jagielloński,Gródek Jagielloński,City,23.6375,49.78,Gródek Jagielloński,829.0385158967023,12.435577738450535
City:Grójec,Grójec,City,20.8675,51.865556,Grójec,4.830311862031255,0.07245467793046884
City:Góra Kalwaria,Góra Kalwaria,City,21.213889,51.984722,Góra Kalwaria,1514.2334535386137,22.713501803079208
City:Górzno,Górzno,City,19.644444,53.198333,Lidzbark,13926.61449325152,208.89921739877278
City:Gąbin,Gąbin,City,19.730556,52.399722,Płock Radziwie,14411.884677158736,216.17827015738104
City:Gąsawa,Gąsawa,City,17.75,52.76667,Biskupin,3412.307807598074,51.1846171139711
City:Gębice,Gębice,City,18.039722,52.598889,Gębice,330.4233392347626,4.956350088521438
City:Głogów (Małopolski),Głogów (Małopolski),City,21.962778,50.151111,Rzeszów,12993.571011905819,194.90356517858726
City:Głowno,Głowno,City,19.711667,51.964167,Stryków Przeładownia,9930.516350769654,148.9577452615448
City:Głębokie,Głębokie,City,27.683333,55.133333,Głębokie,780.1528669023018,11.702293003534525
City:Hajduki Wielkie,Hajduki Wielkie,City,18.937532,50.267178,Chorzów Batory,1343.358145354277,20.150372180314154
City:Halicz,Halicz,City,24.729681,49.125022,Halicz,1361.991478884966,20.42987218327449
City:Horochów,Horochów,City,24.765,50.499444,Stojanów,15230.377499938115,228.45566249907174
City:Horodenka,Horodenka,City,25.5,48.666667,Jasienów Polny,5872.918339549311,88.09377509323966
City:Hrubieszów,Hrubieszów,City,23.891944,50.8025,Hrubieszów,1327.6574738819309,19.914862108228963
City:Husiatyn,Husiatyn,City,26.166667,49.083333,Husiatyn,2782.143442636012,41.732151639540184
City:Huta Laura,Huta Laura,City,19.027611,50.299389,Siemianowice Śląskie Wąskotorowe,405.0206843581979,6.075310265372968
City:Indura,Indura,City,23.883333,53.460278,Kuźnica Białostocka,17003.41815310416,255.0512722965624
City:Inowrocław,Inowrocław,City,18.261111,52.795833,Inowrocław,1885.211108665781,28.27816662998671
City:Iłża,Iłża,City,21.236944,51.162222,Starachowice,17572.51602525213,263.587740378782
City:Jagielnica (dziś Ukraina),Jagielnica (dziś Ukraina),City,25.733333,48.95,Biała Czortkowska,8162.6336679375645,122.43950501906346
City:Janowiec (Wielkopolski),Janowiec (Wielkopolski),City,17.488056,52.756944,Janowiec Wielkopolski,53.93299717200048,0.8089949575800072
City:Janów (dziś Iwano-Frankowe),Janów (dziś Iwano-Frankowe),City,23.730556,49.920833,Janów,0.0,0.0
City:Janów Lubelski,Janów Lubelski,City,22.410556,50.706667,Kraśnik,27438.265364956216,411.5739804743432
City:Janów Podlaski,Janów Podlaski,City,23.210556,52.195556,Janów Podlaski,1115.9470575368703,16.73920586305305
City:Jaraczew (Jaraczewo),Jaraczew (Jaraczewo),City,17.296167,51.970278,Książ Wielkopolski,10957.138379070815,164.35707568606222
City:Jarocin,Jarocin,City,17.501111,51.973611,Jarocin,661.2692809170278,9.919039213755417
City:Jarosław (nad Sanem),Jarosław (nad Sanem),City,22.679722,50.018611,Jarosław,301.2560186813724,4.518840280220585
City:Jaryczów Nowy,Jaryczów Nowy,City,24.303333,49.901944,Kurowice,17752.350954610392,266.2852643191559
City:Jasło,Jasło,City,21.471389,49.747778,Jasło,1601.6027623570471,24.024041435355706
City:Jaworzno,Jaworzno,City,19.27,50.204444,Jaworzno Miasto,701.0105319008724,10.515157978513086
City:Jaworów,Jaworów,City,23.385833,49.939722,Jaworów,2855.7690056671713,42.83653508500757
City:Jazłowiec,Jazłowiec,City,25.45,48.95,Buczacz,13525.248862355571,202.87873293533355
City:Jedwabne,Jedwabne,City,22.3025,53.286111,Łomża,20310.386784256418,304.6558017638462
City:Jordanów,Jordanów,City,19.83,49.649167,Chabówka,9618.730995806616,144.28096493709924
City:Jutrosin,Jutrosin,City,17.169444,51.651389,Kobylin,8516.905134617646,127.75357701926468
City:Jędrzejów,Jędrzejów,City,20.304167,50.639444,Jędrzejów Wąskotorowy,1308.7258750280587,19.630888125420878
City:Kalisz,Kalisz,City,18.089722,51.7625,Kalisz,2523.8006844887686,37.857010267331525
City:Kamieniec Litewski (dziś Białoruś),Kamieniec Litewski (dziś Białoruś),City,23.816667,52.4,Żabinka,25729.52810823611,385.9429216235416
City:Kamień Koszyrski,Kamień Koszyrski,City,24.966667,51.616667,Kamień Koszyrski,1219.2599264927155,18.28889889739073
City:Kamień Pomorski (dziś Kamień Krajeński),Kamień Pomorski (dziś Kamień Krajeński),City,17.519444,53.533333,Sępólno Krajeńskie,8479.631002215556,127.19446503323334
City:Kamionka Strumiłowa (Kamionka Bużańska),Kamionka Strumiłowa (Kamionka Bużańska),City,24.343278,50.109111,Sapieżanka,2914.0870224051,43.7113053360765
City:Kartuzy,Kartuzy,City,18.201389,54.335,Kartuzy,275.5652632960246,4.133478949440369
City:Karwina,Karwina,City,18.542778,49.854167,Zebrzydowice,6140.614862658215,92.10922293987322
City:Katowice,Katowice,City,19.023611,50.264167,Katowice Bogucice Wąskotorowe,2589.9637920973255,38.84945688145988
City:Kazimierz Dolny,Kazimierz Dolny,City,21.945747,51.322069,Wilków Wąskotorowy,9907.925710284666,148.61888565426997
City:Kałusz,Kałusz,City,24.366667,49.016667,Stanisławów,28032.697767987407,420.4904665198111
City:Kałuszyn,Kałuszyn,City,21.811667,52.208333,Mińsk Mazowiecki,17982.57136864355,269.7385705296532
City:Kańczuga,Kańczuga,City,22.411667,49.983333,Kańczuga,158.8099489395149,2.382149234092723
City:Kcynia,Kcynia,City,17.486667,52.993611,Kcynia,210.63647329771737,3.1595470994657604
City:Kielce,Kielce,City,20.633333,50.874167,Kielce,2781.5542050015983,41.723313075023974
City:Kleck,Kleck,City,26.633333,53.066667,Hancewicze,36792.363457973246,551.8854518695987
City:Kleczew,Kleczew,City,18.176389,52.371111,Cegielnia,1927.8615722276757,28.917923583415135
City:Kleszczele,Kleszczele,City,23.325833,52.574167,Czeremcha,6551.695740886015,98.27543611329023
City:Knyszyn,Knyszyn,City,22.919444,53.3125,Białystok,24515.59353235732,367.7339029853598
City:Kobryń,Kobryń,City,24.35,52.216667,Kobryń,832.6366879431718,12.489550319147575
City:Kobylin,Kobylin,City,17.226681,51.71615,Kobylin,476.1098599535902,7.141647899303853
City:Kock,Kock,City,22.447983,51.641342,Lubartów,24458.970122729545,366.8845518409432
City:Kolbuszowa,Kolbuszowa,City,21.775,50.244167,Dęba Rozalin,20673.12430132208,310.0968645198312
City:Kolno,Kolno,City,21.933889,53.410556,Kolno,180.96759557690908,2.714513933653636
City:Komarno (dziś Ukraina),Komarno (dziś Ukraina),City,23.693417,49.627028,Gródek Jagielloński,17848.157322629057,267.72235983943585
City:Koniecpol,Koniecpol,City,19.688889,50.774167,Koniecpol,860.1073510543994,12.901610265815991
City:Konin,Konin,City,18.261389,52.2275,Konin,792.7881533006695,11.891822299510041
City:Konstantynów (Łódzki),Konstantynów (Łódzki),City,19.326389,51.747222,Łódź Kaliska,7288.431433918981,109.3264715087847
City:Kopanica,Kopanica,City,15.918056,52.095556,Wolsztyn,13550.194174114004,203.25291261171006
City:Kopyczyńce,Kopyczyńce,City,25.9,49.1,Kopyczyńce,984.9090488260728,14.77363573239109
City:Koronowo,Koronowo,City,17.937222,53.314444,Koronowo,45.2731195178725,0.6790967927680874
City:Korzec,Korzec,City,27.160833,50.617222,Šhepetovka,47267.849209841486,709.0177381476223
City:Kostopol,Kostopol,City,26.443056,50.883333,Kostopol,1366.3824763166963,20.495737144750443
City:Kostrzyn,Kostrzyn,City,17.228156,52.397919,Swarzędz,10522.804551426996,157.84206827140494
City:Kosów Huculski,Kosów Huculski,City,25.0925,48.320833,Kołomyja,23874.71409594115,358.12071143911726
City:Kosów Poleski (dziś Białoruś),Kosów Poleski (dziś Białoruś),City,25.15,52.75,Kosów Poleski,12001.074155227996,180.01611232841995
City:Kowal,Kowal,City,19.145,52.5325,Smólsk,13874.218717649039,208.11328076473558
City:Kowalewo (Pomorskie),Kowalewo (Pomorskie),City,18.897222,53.154722,Kowalewo Pomorskie,50.38161911297719,0.7557242866946579
City:Kowel,Kowel,City,24.716667,51.233333,Kowel,2426.140115479261,36.39210173218892
City:Kozienice,Kozienice,City,21.551111,51.585556,Kozienice,107.36438752832785,1.6104658129249176
City:Kozowa,Kozowa,City,25.154444,49.431667,Potutory,12953.464236070808,194.3019635410621
City:Koło,Koło,City,18.647222,52.201944,Koło,767.8477803373769,11.517716705060653
City:Kołomyja,Kołomyja,City,25.033333,48.516667,Kołomyja,2790.636757719749,41.859551365796236
City:Końskie,Końskie,City,20.406111,51.188889,Końskie,1160.1580432526969,17.402370648790452
City:Kościan,Kościan,City,16.640278,52.081389,Kościan,300.70651779231866,4.51059776688478
City:Kościerzyna,Kościerzyna,City,17.981111,54.121944,Kościerzyna,218.2475906957505,3.2737138604362572
City:Koźmin (dziś Koźmin Wielkopolski),Koźmin (dziś Koźmin Wielkopolski),City,17.453889,51.8275,Koźmin Wielkopolski,217.30388751339774,3.259558312700966
City:Krakowiec,Krakowiec,City,23.15,49.95,Jaworów,18349.472670755782,275.24209006133674
City:Kraków,Kraków,City,19.938333,50.061389,Kraków Płaszów,3926.610692761226,58.899160391418384
City:Krasnystaw,Krasnystaw,City,23.169722,50.983889,Krasnystaw,1600.6698009042661,24.010047013563995
City:Kraśnik,Kraśnik,City,22.220833,50.921389,Kraśnik,707.9731007528444,10.619596511292665
City:Krobia,Krobia,City,16.983333,51.775,Krobia,1965.159425572542,29.47739138358813
City:Krosno,Krosno,City,21.765833,49.682222,Krosno,1166.3931968078437,17.495897952117655
City:Krośniewice,Krośniewice,City,19.17,52.253611,Krośniewice,411.67670738900546,6.1751506108350815
City:Krotoszyn,Krotoszyn,City,17.436944,51.695556,Krotoszyn,985.1363989254779,14.777045983882168
City:Kruszwica,Kruszwica,City,18.326389,52.674167,Kruszwica,66.09917286204602,0.9914875929306902
City:Krynica-Zdrój,Krynica-Zdrój,City,20.955,49.411667,Krynica,279.7992008824376,4.196988013236564
City:Krynki,Krynki,City,23.772192,53.265278,Krynki,20251.89106466688,303.7783659700032
City:Krzemieniec,Krzemieniec,City,25.7275,50.108056,Krzemieniec,1907.0206065117382,28.60530909767607
City:Krzepice,Krzepice,City,18.731944,50.967222,Praszka,22176.170753527374,332.6425613029106
City:Krzeszowice,Krzeszowice,City,19.631944,50.135,Bolęcin,11189.659652880558,167.84489479320837
City:Krzywiń,Krzywiń,City,16.82,51.963333,Krzywiń,66.17271923957304,0.9925907885935956
City:Królewska Huta,Królewska Huta,City,18.95,50.3,Chorzów Miasto,177.49403683173344,2.662410552476002
City:Książ (Wielkopolski),Książ (Wielkopolski),City,17.239358,52.060992,Książ Wielkopolski,151.87485379542608,2.2781228069313912
City:Kulików (rejon żółkiewski),Kulików (rejon żółkiewski),City,24.0779,49.979542,Żółkiew,11093.505427506652,166.40258141259977
City:Kutno,Kutno,City,19.364342,52.231061,Kutno,1138.9925090436404,17.084887635654603
City:Kuty,Kuty,City,25.167222,48.257222,Kołomyja,31832.68146972554,477.4902220458831
City:Kórnik,Kórnik,City,17.090042,52.247122,Zaniemyśl,11348.124600591253,170.2218690088688
City:Kępno,Kępno,City,17.986944,51.281111,Kępno,232.73436297053962,3.4910154445580943
City:Kęty,Kęty,City,19.221944,49.883333,Bielsko Biała,14069.898966056282,211.04848449084423
City:Kłecko,Kłecko,City,17.430556,52.631667,Kłecko,700.5768514186954,10.50865277128043
City:Kłobuck,Kłobuck,City,18.937778,50.905,Częstochowa,16676.60723242053,250.14910848630794
City:Kłodawa,Kłodawa,City,18.913889,52.255278,Krzewata,3445.633636962175,51.68450455443262
City:Lachowicze,Lachowicze,City,26.266667,53.033333,Krynki Wąskotorowe,16977.181905098547,254.6577285764782
City:Lanckorona,Lanckorona,City,19.715833,49.845,Kalwaria Zebrzydowska Lanckorona,3521.7818965111956,52.82672844766793
City:Lesko,Lesko,City,22.328889,49.474444,Zagórz,6174.2702221562995,92.61405333234448
City:Leszno,Leszno,City,16.580556,51.845833,Leszno,1041.0576151753294,15.61586422762994
City:Leżajsk,Leżajsk,City,22.419444,50.261111,Leżajsk,304.51363608048797,4.567704541207319
City:Lida,Lida,City,25.3,53.883333,Lida,385.7206400888555,5.785809601332832
City:Lidzbark,Lidzbark,City,19.821111,53.260278,Lidzbark,313.33165289152186,4.699974793372828
City:Limanowa,Limanowa,City,20.425556,49.701667,Limanowa,572.092313199979,8.581384697999685
City:Lipiny,Lipiny,City,18.901944,50.305833,Ruda Chebzie,1708.8030807287728,25.63204621093159
City:Lipno,Lipno,City,19.180556,52.848611,Lipno,618.5724960991259,9.278587441486888
City:Lubaczów,Lubaczów,City,23.121944,50.159167,Lubaczów,196.70881661342398,2.9506322492013597
City:Lubartów,Lubartów,City,22.608611,51.462222,Lubartów,1854.3090832691246,27.81463624903687
City:Lubawa,Lubawa,City,19.751667,53.505,Lubawa,1162.1132711269554,17.43169906690433
City:Lubień (Kujawski),Lubień (Kujawski),City,19.164722,52.404722,Ostrowy Wąskotorowe,11832.527112047856,177.48790668071783
City:Lublin,Lublin,City,22.566667,51.25,Lublin,3636.184805868481,54.542772088027206
City:Lubliniec,Lubliniec,City,18.679167,50.668056,Lubliniec,2805.9778079506336,42.0896671192595
City:Luboml,Luboml,City,24.033333,51.216667,Luboml,765.0237488286965,11.475356232430446
City:Lubraniec,Lubraniec,City,18.835556,52.541944,Jerzmanowo,7506.254913545538,112.59382370318306
City:Lwów,Lwów,City,24.031997,49.842,Lwów,29.609941596031025,0.44414912394046535
City:Lwówek,Lwówek,City,16.181014,52.447911,Lwówek Wąskotorowy,704.9060653333835,10.573590980000752
City:Maków Mazowiecki,Maków Mazowiecki,City,21.100556,52.865,Maków Mazowiecki,642.4247455943361,9.63637118391504
City:Maków Podhalański,Maków Podhalański,City,19.680833,49.730556,Sucha Beskidzka,6603.74207808007,99.05613117120105
City:Margonin,Margonin,City,17.094797,52.973303,Chodzież,12657.841648834208,189.8676247325131
City:Miasteczko (Krajeńskie),Miasteczko (Krajeńskie),City,17.009444,53.095556,Białośliwie,7696.364361781223,115.44546542671834
City:Miasteczko (Śląskie),Miasteczko (Śląskie),City,18.939444,50.501667,Bibiela,3413.5593009818563,51.203389514727846
City:Miechów,Miechów,City,20.0325,50.357778,Miechów,366.3756145097049,5.4956342176455735
City:Miejska Górka,Miejska Górka,City,16.954444,51.655,Miejska Górka,842.3840712867535,12.635761069301303
City:Mielec,Mielec,City,21.433333,50.291667,Mielec,303.43711205210485,4.551556680781572
City:Mielnica Podolska,Mielnica Podolska,City,26.15,48.6,Iwanie Puste,5327.3541646754,79.910312470131
City:Mielnik (nad Bugiem),Mielnik (nad Bugiem),City,23.045833,52.331111,Konstantynów,14026.635817923265,210.39953726884897
City:Mieścisko,Mieścisko,City,17.331667,52.743333,Janowiec Wielkopolski,10712.449690950238,160.68674536425357
City:Mikołajów (dziś Ukraina),Mikołajów (dziś Ukraina),City,23.966667,49.516667,Chodorów,27969.837240651003,419.54755860976496
City:Mikołów,Mikołów,City,18.903889,50.163611,Mikołajów,1056.4834695451832,15.847252043177747
City:Mikstat,Mikstat,City,17.973056,51.531944,Namysłaki,7039.988027946402,105.59982041919604
City:Mikulińce,Mikulińce,City,25.6,49.383333,Trembowla,11728.849424610635,175.93274136915952
City:Międzychód,Międzychód,City,15.89,52.601111,Międzychód,460.74770321078074,6.91121554816171
City:Międzyrzec (nad Krzną),Międzyrzec (nad Krzną),City,22.784836,51.985411,Radzyń Podlaski,19349.086409976142,290.2362961496421
City:Miłosław,Miłosław,City,17.489444,52.202778,Połażejewo,8617.871994383187,129.2680799157478
City:Mińsk Mazowiecki,Mińsk Mazowiecki,City,21.558333,52.180556,Mińsk Mazowiecki,625.0926062808136,9.376389094212204
City:Mogielnica,Mogielnica,City,20.724167,51.693333,Mogielnica,1854.1213665341302,27.81182049801195
City:Mogilno,Mogilno,City,17.950833,52.657778,Mogilno,71.039190771215,1.065587861568225
City:Monasterzyska,Monasterzyska,City,25.116667,49.066667,Buczacz,18808.547047305325,282.12820570957985
City:Mordy,Mordy,City,22.515278,52.211111,Siedlce,17491.90413441995,262.3785620162992
City:Mosina,Mosina,City,16.845,52.246667,Osowa Góra,1877.2036199286304,28.158054298929454
City:Mosty Wielkie,Mosty Wielkie,City,24.145833,50.239167,Krystynopol,18475.63020108953,277.13445301634295
City:Mołodeczno,Mołodeczno,City,26.8,54.3,Mołodeczno,2661.274122481499,39.91911183722248
City:Mościska,Mościska,City,23.15,49.783333,Medyka,14886.732685406394,223.3009902810959
City:Mrocza,Mrocza,City,17.606111,53.244444,Suchary,6685.058153430345,100.27587230145517
City:Mszczonów,Mszczonów,City,20.5125,51.974444,Żyrardów,9712.803500102913,145.6920525015437
City:Murowana Goślina,Murowana Goślina,City,17.008928,52.574172,Sława Wielkopolska,11649.25854438654,174.7388781657981
City:Muszyna,Muszyna,City,20.9,49.358333,Muszyna,337.3114737027871,5.059672105541806
City:Mysłowice,Mysłowice,City,19.136667,50.241389,Mysłowice,927.1282499169098,13.906923748753647
City:Myślenice,Myślenice,City,19.940556,49.833333,Skawina,17733.291182896744,265.99936774345116
City:Mława,Mława,City,20.3575,53.127222,Mława,855.229967927068,12.828449518906018
City:Nadwórna,Nadwórna,City,24.568333,48.634722,Delatyn,14462.678488649031,216.94017732973546
City:Nakło (nad Notecią),Nakło (nad Notecią),City,17.599444,53.138889,Nakło nad Notecią,37.14428580722888,0.5571642871084332
City:Narew,Narew,City,23.519167,52.913611,Hajnówka,20539.485450833377,308.09228176250065
City:Nasielsk,Nasielsk,City,20.804167,52.589722,Nasielsk,684.4431579977933,10.266647369966899
City:Niemirów (dziś Ukraina),Niemirów (dziś Ukraina),City,23.44,50.103056,Jaworów,15864.365774488733,237.96548661733098
City:Niepołomice,Niepołomice,City,20.217222,50.033889,Niepołomice,86.06228031234849,1.2909342046852275
City:Nieszawa,Nieszawa,City,18.901389,52.836667,Nieszawa Waganiec,4279.115938452637,64.18673907678956
City:Nieśwież,Nieśwież,City,26.666667,53.216667,Stołpce,30208.137681061013,453.1220652159152
City:Nisko,Nisko,City,22.141667,50.519444,Rozwadów,10935.959716846091,164.03939575269135
City:Niżankowice (dziś Ukraina),Niżankowice (dziś Ukraina),City,22.805833,49.680278,Malhowice,2755.728592802988,41.33592889204481
City:Nowa Wilejka,Nowa Wilejka,City,25.416667,54.7,Nowa Wilejka,1062.2547397833966,15.93382109675095
City:Nowe,Nowe,City,18.729167,53.646111,Świecie nad Wisłą,125.94897017052467,1.88923455255787
City:Nowe Miasto (nad Pilicą),Nowe Miasto (nad Pilicą),City,20.578889,51.616667,Nowe Miasto nad Pilicą,653.2867328774224,9.799300993161335
City:Nowe Miasto nad Wartą,Nowe Miasto nad Wartą,City,17.403611,52.088056,Mieszków,7721.985363501967,115.8297804525295
City:Nowemiasto (Nowe Miasto Lubawskie),Nowemiasto (Nowe Miasto Lubawskie),City,19.587778,53.425556,Nowe Miasto Lubawskie,649.4427159430718,9.741640739146076
City:Nowo-Święciany (Nowe Święciany),Nowo-Święciany (Nowe Święciany),City,26.0,55.166667,Święciany,550.9596227646152,8.26439434146923
City:Nowogród,Nowogród,City,21.880556,53.227778,Nowogród,61.18880441275768,0.9178320661913653
City:Nowogródek,Nowogródek,City,25.816667,53.583333,Nowogródek,957.9687930663406,14.369531895995108
City:Nowy Dwór (Mazowiecki),Nowy Dwór (Mazowiecki),City,20.715833,52.430278,Nowy Dwór Mazowiecki,1193.4894218110712,17.90234132716607
City:Nowy Dwór (nad Biebrzą),Nowy Dwór (nad Biebrzą),City,23.542778,53.6325,Bielany Białostockie,3285.169414151359,49.277541212270386
City:Nowy Sącz,Nowy Sącz,City,20.695556,49.625,Nowy Sącz,2152.4457400745105,32.28668610111766
City:Nowy Targ,Nowy Targ,City,20.03,49.477778,Nowy Targ,451.5748429776901,6.773622644665351
City:Nowy Tomyśl,Nowy Tomyśl,City,16.121667,52.317222,Nowy Tomyśl,1651.1553601942455,24.767330402913682
City:Oborniki,Oborniki,City,16.814167,52.644722,Oborniki Wielkopolskie,297.4472819340429,4.461709229010643
City:Obrzycko,Obrzycko,City,16.529167,52.706389,Jaryszewo Obornickie,4552.048704670402,68.28073057005602
City:Odelsk,Odelsk,City,23.7625,53.405556,Kuźnica Białostocka,14242.955512619677,213.64433268929514
City:Odolanów,Odolanów,City,17.673889,51.574444,Odolanów,36.19138470278737,0.5428707705418104
City:Olesko,Olesko,City,24.883333,49.95,Złoczów,16094.201547888715,241.41302321833072
City:Olkusz,Olkusz,City,19.559722,50.279167,Olkusz,39.603891879844426,0.5940583781976663
City:Opalenica,Opalenica,City,16.409444,52.309167,Opalenica,947.7235643768723,14.215853465653085
City:Opatów,Opatów,City,21.424722,50.805,Iwaniska,12604.742252219487,189.07113378329228
City:Opoczno,Opoczno,City,20.286944,51.377222,Opoczno,448.51725130678903,6.727758769601835
City:Orłowa,Orłowa,City,18.418333,49.847222,Bogumin,7349.4796761824855,110.24219514273727
City:Osieczna,Osieczna,City,16.676389,51.905833,Kąkolewo,5222.79182269819,78.34187734047285
City:Ostroróg,Ostroróg,City,16.455278,52.626944,Binino,5182.879132335232,77.74318698502846
City:Ostrowiec (Świętokrzyski),Ostrowiec (Świętokrzyski),City,21.386111,50.9325,Ostrowiec Świętokrzyski,2658.565750389461,39.87848625584191
City:Ostrołęka,Ostrołęka,City,21.5725,53.082778,Ostrołęka Północna Wąskotorowa,1275.648817700289,19.134732265504336
City:Ostrzeszów,Ostrzeszów,City,17.929722,51.425,Ostrzeszów,255.1055375129333,3.826583062693999
City:Ostróg,Ostróg,City,26.516667,50.333333,Mohylany,9520.85016450093,142.81275246751392
City:Ostrów (Lubelski),Ostrów (Lubelski),City,22.855,51.491111,Parczew,15074.441917644637,226.11662876466957
City:Ostrów Mazowiecka,Ostrów Mazowiecka,City,21.896111,52.800833,Ostrów Mazowiecka,3093.917371445436,46.40876057168154
City:Ostrów Wielkopolski,Ostrów Wielkopolski,City,17.807222,51.654722,Ostrów Wielkopolski,876.543568579168,13.14815352868752
City:Oszmiana,Oszmiana,City,25.933333,54.416667,Oszmiana,15953.435497448283,239.30153246172424
City:Ottynia,Ottynia,City,24.85,48.733333,Tłumacz,18681.807610378426,280.2271141556764
City:Otwock,Otwock,City,21.265833,52.106111,Otwock,270.9549886352036,4.064324829528054
City:Ozorków,Ozorków,City,19.288056,51.958333,Ozorków Wąskotorowy,2172.831471662598,32.59247207493897
City:Ołyka,Ołyka,City,25.816667,50.716667,Kiwierce,27423.93389356358,411.3590084034537
City:Oświęcim,Oświęcim,City,19.220833,50.039167,Oświęcim,2877.398743950964,43.16098115926446
City:Pabianice,Pabianice,City,19.355556,51.664444,Pabianice,1892.7012442498103,28.390518663747155
City:Pakość,Pakość,City,18.090278,52.807778,Inowrocław,10924.85162385243,163.87277435778645
City:Parczew,Parczew,City,22.904056,51.641361,Parczew,2809.1429019027883,42.13714352854183
City:Peczeniżyn,Peczeniżyn,City,24.879944,48.51575,Słoboda Rungurska Kopalnia,7662.419153728736,114.93628730593103
City:Pelplin,Pelplin,City,18.701111,53.926111,Morzeszczyn,9565.585524283944,143.48378286425915
City:Piaseczno,Piaseczno,City,21.026389,52.075556,Piaseczno Miasto,620.2973861378232,9.304460792067347
City:Piaski,Piaski,City,17.074444,51.884722,Piaski Wielkopolskie,591.0041285573735,8.865061928360602
City:Pilzno,Pilzno,City,21.291389,49.978611,Dębica,11701.743664996879,175.52615497495316
City:Piotrków (Trybunalski),Piotrków (Trybunalski),City,19.695556,51.406667,Piotrków Trybunalski,838.1223542641637,12.571835313962456
City:Piwniczna (Piwniczna-Zdrój),Piwniczna (Piwniczna-Zdrój),City,20.711389,49.435278,Muszyna,16076.529998234933,241.147949973524
City:Pińczów,Pińczów,City,20.526111,50.520278,Pińczów,1116.0751091133393,16.741126636700088
City:Pińsk,Pińsk,City,26.083333,52.116667,Pińsk,1440.20046734623,21.603007010193448
City:Pleszew,Pleszew,City,17.785556,51.897222,Pleszew,143.08305302818368,2.146245795422755
City:Pniewy,Pniewy,City,16.256389,52.508889,Pniewy,18.965583335441128,0.2844837500316169
City:Pobiedziska,Pobiedziska,City,17.279444,52.48,Olekszyn,15956.23012979572,239.34345194693577
City:Podbrodzie,Podbrodzie,City,25.783333,54.983333,Podbrodzie,1826.8143678792728,27.40221551818909
City:Poddębice,Poddębice,City,18.957222,51.893333,Poddębice,2311.26208533044,34.6689312799566
City:Podgórz (dziś część Torunia),Podgórz (dziś część Torunia),City,18.5878,52.9877,Toruń,3044.145019019693,45.66217528529539
City:Podhajce,Podhajce,City,25.134167,49.275,Podhajce,0.0,0.0
City:Podwołoczyska,Podwołoczyska,City,26.116667,49.516667,Podwołoczyska,2570.7706063065257,38.56155909459788
City:Pogorzela,Pogorzela,City,17.230556,51.822222,Kobylin,11376.595809692935,170.64893714539403
City:Pomorzany (dziś Ukraina),Pomorzany (dziś Ukraina),City,24.935278,49.635278,Złoczów,19130.492511212968,286.9573876681945
City:Poniec,Poniec,City,16.808333,51.763889,Karzec,6808.7855618381245,102.13178342757186
City:Postawy,Postawy,City,26.833333,55.116667,Postawy,1712.8222121423894,25.69233318213584
City:Powidz,Powidz,City,17.914722,52.412778,Powidz,154.32277842357047,2.314841676353557
City:Poznań,Poznań,City,16.934167,52.408333,Poznań (Dawny Dworzec),1301.319469169782,19.51979203754673
City:Praszka,Praszka,City,18.450556,51.056111,Praszka,165.27611214909703,2.479141682236455
City:Proszowice,Proszowice,City,20.288717,50.193139,Proszowice,223.7455239069922,3.3561828586048827
City:Pruszków,Pruszków,City,20.805556,52.165556,Pruszków,552.611571805852,8.28917357708778
City:Prużana,Prużana,City,24.466667,52.55,Prużana,1223.056078308621,18.345841174629314
City:Przasnysz,Przasnysz,City,20.880556,53.019444,Przasnysz,1772.7367154882395,26.59105073232359
City:Przedbórz,Przedbórz,City,19.873889,51.087778,Sulejów Pilica,26354.876655803742,395.3231498370561
City:Przedecz,Przedecz,City,18.896667,52.335556,Dzierzbice Kutnowskie,9279.426321666197,139.19139482499295
City:Przemyśl,Przemyśl,City,22.774444,49.782222,Przemyśl,1023.894861396919,15.358422920953785
City:Przemyślany,Przemyślany,City,24.556389,49.67,Wołków,6278.961403422619,94.18442105133929
City:Przeworsk,Przeworsk,City,22.493611,50.058611,Przeworsk,720.4361056997561,10.806541585496342
City:Pszczyna,Pszczyna,City,18.941667,49.978056,Pszczyna,884.8353499367713,13.272530249051568
City:Puck,Puck,City,18.408611,54.717778,Puck,247.99723106509057,3.7199584659763585
City:Puławy,Puławy,City,21.969167,51.416389,Puławy,1570.221862664195,23.553327939962923
City:Pułtusk,Pułtusk,City,21.083889,52.705,Maków Mazowiecki,17486.684021817466,262.300260327262
City:Pyzdry,Pyzdry,City,17.69,52.170278,Pyzdry,217.45282036008777,3.2617923054013165
City:Płock,Płock,City,19.7,52.547222,Płock,1612.8544380905278,24.192816571357916
City:Płońsk,Płońsk,City,20.371111,52.623333,Płońsk,85.09878600928919,1.2764817901393377
City:Raciąż,Raciąż,City,20.117778,52.781111,Płońsk,24551.40391354835,368.27105870322526
City:Radom,Radom,City,21.156667,51.403611,Radom,1536.5774633342176,23.048661950013262
City:Radomsko,Radomsko,City,19.443611,51.067222,Radomsko,75.60830313291852,1.1341245469937777
City:Radomyśl Wielki,Radomyśl Wielki,City,21.273333,50.194722,Mielec,15587.546299230498,233.81319448845747
City:Radoszkowice (Radoszkowicze),Radoszkowice (Radoszkowicze),City,27.233333,54.15,Olechnowicze,8174.822362651762,122.62233543977642
City:Radymno,Radymno,City,22.818056,49.951944,Munina,8140.274627884994,122.10411941827489
City:Radziechów,Radziechów,City,24.633333,50.266667,Stojanów,12585.375081296555,188.78062621944835
City:Radziejów,Radziejów,City,18.52824,52.62392,Radziejów Kujawski,1840.0617813199635,27.600926719799453
City:Radziwiłłów,Radziwiłłów,City,25.264444,50.128611,Radziwiłłów,1098.6757152380121,16.48013572857018
City:Radzymin,Radzymin,City,21.181111,52.418056,Radzymin,51.9032376548721,0.7785485648230814
City:Radzyń Chełmiński,Radzyń Chełmiński,City,18.936389,53.385556,Mełno,5465.139878548339,81.97709817822508
City:Radzyń (Podlaski),Radzyń (Podlaski),City,22.624167,51.782778,Radzyń Podlaski,5798.0611418894505,86.97091712834175
City:Rajgród,Rajgród,City,22.700278,53.733611,Prostki,18061.647123323502,270.9247068498525
City:Rakoniewice,Rakoniewice,City,16.273056,52.140833,Rakoniewice,173.96383296750665,2.6094574945125992
City:Raków (Mołodecki),Raków (Mołodecki),City,27.046917,53.966778,Olechnowicze,21014.51094337963,315.2176641506945
City:Raszków,Raszków,City,17.726944,51.720833,Ostrów Wielkopolski,10075.957028050607,151.13935542075907
City:Ratno (dziś Ukraina),Ratno (dziś Ukraina),City,24.533333,51.65,Krymno,16943.26940848527,254.14904112727902
City:Rawa Mazowiecka,Rawa Mazowiecka,City,20.25,51.766667,Rawa Mazowiecka,306.7893623829394,4.601840435744091
City:Rawa Ruska,Rawa Ruska,City,23.621139,50.233861,Rawa Ruska,411.05223081110796,6.165783462166619
City:Rawicz,Rawicz,City,16.8575,51.609167,Rawicz,1233.1220284513722,18.496830426770583
City:Rogowo (nad jez. Rogowskim),Rogowo (nad jez. Rogowskim),City,17.650556,52.725,Rogowo,59.37987627788259,0.8906981441682388
City:Rogoźno,Rogoźno,City,16.999722,52.749167,Rogoźno,539.4523061114073,8.091784591671109
City:Rohatyn,Rohatyn,City,24.620469,49.411472,Podwysokie,11962.817347606662,179.44226021409992
City:Rokitno,Rokitno,City,27.210278,51.287222,Ostki,10997.63372625954,164.96450589389312
City:Ropczyce,Ropczyce,City,21.609167,50.052778,Dębica,14622.476676238663,219.33715014357992
City:Rostarzewo,Rostarzewo,City,16.200556,52.1325,Rakoniewice,5076.169443952705,76.14254165929057
City:Rozdół,Rozdół,City,24.062222,49.461944,Chodorów,19151.067109366257,287.26600664049386
City:Rozwadów (dziś część Stalowej-Woli),Rozwadów (dziś część Stalowej-Woli),City,22.041667,50.591111,Rozwadów,270.34023566797794,4.055103535019669
City:Rożniatów (dziś Ukraina),Rożniatów (dziś Ukraina),City,24.154722,48.936389,Dolina,13501.017079113508,202.5152561867026
City:Rożyszcze,Rożyszcze,City,25.27,50.913056,Kiwierce,16903.035561444987,253.5455334216748
City:Ruda Pabianicka,Ruda Pabianicka,City,19.434458,51.699747,Łódź Chojny,4540.628998921886,68.10943498382828
City:Ruda Śląska,Ruda Śląska,City,18.853611,50.262778,Nowy Bytom,2818.0983214520056,42.27147482178008
City:Rudki (dziś Ukraina),Rudki (dziś Ukraina),City,23.486944,49.652778,Gródek Jagielloński,18639.92784911685,279.59891773675275
City:Rudnik (nad Sanem),Rudnik (nad Sanem),City,22.248056,50.443056,Rozwadów,22303.65917768028,334.55488766520426
City:Rybnik,Rybnik,City,18.545,50.098611,Rybnik,1453.3669358423551,21.800504037635328
City:Rychtal,Rychtal,City,17.846667,51.145833,Rychtal,169.23618984710538,2.5385428477065806
City:Rychwał,Rychwał,City,18.166944,52.071111,Zbiersk,13338.000361823042,200.07000542734562
City:Ryczywół,Ryczywół,City,16.829444,52.812778,Rogoźno Wielkopolskie,11563.16387500097,173.44745812501455
City:Rydzyna,Rydzyna,City,16.666944,51.786944,Kąkolewo,8291.347954704255,124.37021932056382
City:Rymanów,Rymanów,City,21.8675,49.576389,Krosno,14989.147313712745,224.83720970569118
City:Rynarzewo,Rynarzewo,City,17.8175,53.063056,Szubin,7546.376105721321,113.19564158581981
City:Rypin,Rypin,City,19.406944,53.066944,Rypin Wąskotorowy,529.5673926248973,7.943510889373458
City:Rzeszów,Rzeszów,City,22.004722,50.033611,Rzeszów,427.3559447038162,6.410339170557243
City:Równe,Równe,City,26.25,50.616667,Równe,1427.4646273893584,21.411969410840374
City:Różan,Różan,City,21.396389,52.888889,Maków Mazowiecki,20687.508298366887,310.3126244755033
City:Różana (dziś Białoruś),Różana (dziś Białoruś),City,24.9,52.866667,Kosów Poleski,32338.65273937698,485.0797910906547
City:Sambor,Sambor,City,23.205194,49.515806,Sambor,648.6044445707414,9.72906666856112
City:Sandomierz,Sandomierz,City,21.748889,50.682222,Sandomierz,2702.082212312125,40.53123318468188
City:Sanok,Sanok,City,22.205556,49.558333,Sanok,454.12166606998164,6.811824991049724
City:Sarnowa (dziś część Rawicza),Sarnowa (dziś część Rawicza),City,16.906667,51.631944,Miejska Górka,3631.1864535301415,54.467796802952115
City:Sarny,Sarny,City,26.6,51.366667,Sarny,3095.2000266811788,46.42800040021768
City:Sassów,Sassów,City,24.948889,49.870833,Złoczów,8093.09388132473,121.39640821987095
City:Sejny,Sejny,City,23.348611,54.106667,Trakiszki,18441.199316904378,276.61798975356567
City:Serock,Serock,City,21.072222,52.513889,Zegrze,7446.145416701327,111.69218125051991
City:Siedlce,Siedlce,City,22.275,52.166667,Siedlce,582.0580783797375,8.73087117569606
City:Siemiatycze,Siemiatycze,City,22.8625,52.427222,Siemiatycze,76.76337690870194,1.1514506536305291
City:Sieniawa,Sieniawa,City,22.61,50.178056,Przeworsk,15787.589283870193,236.81383925805287
City:Sieradz,Sieradz,City,18.730556,51.595278,Sieradz,1121.3665479994795,16.820498219992192
City:Sieraków,Sieraków,City,16.081389,52.648889,Chrzypsko,10200.282107810232,153.00423161715347
City:Sierpc,Sierpc,City,19.668056,52.853056,Sierpc,447.63989502291804,6.71459842534377
City:Skalbmierz,Skalbmierz,City,20.399167,50.319444,Działoszyce,5856.526685952201,87.847900289283
City:Skarszewy,Skarszewy,City,18.445833,54.067222,Skarszewy,504.36257422879765,7.565438613431964
City:Skaryszew,Skaryszew,City,21.251944,51.310556,Radom,13447.50297978784,201.7125446968176
City:Skarżysko-Kamienna,Skarżysko-Kamienna,City,20.866944,51.116389,Skarżysko Kamienna,693.075629235199,10.396134438527984
City:Skawina,Skawina,City,19.828333,49.975,Skawina,129.4534046279464,1.941801069419196
City:Skała (Podolska),Skała (Podolska),City,26.15,48.85,Skała Podolska,3862.8147090679818,57.94222063601972
City:Skałat,Skałat,City,25.966667,49.416667,Grzymałów,7641.162218259577,114.61743327389364
City:Skidel,Skidel,City,24.251944,53.586111,Mosty,26049.24301287606,390.7386451931409
City:Skierniewice,Skierniewice,City,20.141667,51.952778,Skierniewice,1712.6713790951653,25.69007068642748
City:Skoczów,Skoczów,City,18.789722,49.803333,Skoczów,406.75863843626377,6.101379576543956
City:Skoki,Skoki,City,17.162222,52.673889,Skoki,631.4203456746895,9.471305185120343
City:Skole,Skole,City,23.514306,49.038194,Truskawiec Zdrój,27139.64768297797,407.09471524466954
City:Skórcz,Skórcz,City,18.526111,53.796667,Skórcz,263.52962639583257,3.952944395937488
City:Siemianowice Śląskie,Siemianowice Śląskie,City,19.030556,50.326944,Siemianowice Śląskie,1883.0686536304233,28.24602980445635
City:Smorgonie,Smorgonie,City,26.4,54.483333,Smorgonie,1945.8591282154773,29.18788692323216
City:Sochaczew,Sochaczew,City,20.241667,52.227778,Sochaczew,1370.6502933084435,20.559754399626648
City:Sokal,Sokal,City,24.283333,50.483333,Sokal,645.8220769167388,9.68733115375108
City:Sokoły,Sokoły,City,22.699444,52.993056,Łapy,12365.238427593495,185.4785764139024
City:Sokołów (dziś Sokołów Małopolski),Sokołów (dziś Sokołów Małopolski),City,22.120833,50.2325,Łańcut,18494.15250324872,277.4122875487308
City:Sokołów Podlaski,Sokołów Podlaski,City,22.249722,52.4075,Sokołów Podlaski,207.59216935543438,3.113882540331516
City:Sokółka,Sokółka,City,23.5,53.406944,Sokółka,499.10627204193526,7.486594080629029
City:Solec Kujawski,Solec Kujawski,City,18.222222,53.080556,Czarnowo koło Torunia,2968.351940312421,44.52527910468631
City:Sosnowiec,Sosnowiec,City,19.133333,50.283333,Sosnowiec Główny,763.6485478082446,11.454728217123668
City:Stanisławów (dziś Iwano-Frankiwsk),Stanisławów (dziś Iwano-Frankiwsk),City,24.7,48.916667,Stanisławów,1966.4439703240726,29.496659554861086
City:Stara Sól,Stara Sól,City,22.95,49.483333,Chyrów,8987.258435259973,134.8088765288996
City:Starogard (Gdański),Starogard (Gdański),City,18.525833,53.963056,Starogard Gdański,271.5828555808866,4.073742833713299
City:Starosielce,Starosielce,City,23.081111,53.123611,Białystok,3838.6133531394175,57.57920029709126
City:Stary Sambor,Stary Sambor,City,23.000611,49.440972,Strzyłki Topolnica,11615.837740297864,174.23756610446796
City:Stary Sącz,Stary Sącz,City,20.636389,49.5625,Nowy Sącz,7779.935950802408,116.69903926203612
City:Staszów ,Staszów ,City,21.166667,50.560556,Staszów Wąskotorowy,498.7289057203267,7.4809335858049
City:Stawiski,Stawiski,City,22.154944,53.37975,Kolno,15280.508752155343,229.20763128233014
City:Stawiszyn,Stawiszyn,City,18.111389,51.918333,Zbiersk,4086.9555565823857,61.30433334873578
City:Stoczek (Łukowski),Stoczek (Łukowski),City,21.968333,51.963333,Łuków,29032.840504365253,435.49260756547875
City:Stolin,Stolin,City,26.85,51.883333,Horyń,5736.205639576074,86.04308459364111
City:Stołpce,Stołpce,City,26.733333,53.483333,Stołpce,1660.4409079685856,24.906613619528784
City:Strumień,Strumień,City,18.763611,49.916667,Chybie,4321.699625579818,64.82549438369726
City:Stryj,Stryj,City,23.85,49.25,Stryj,1186.333123519158,17.79499685278737
City:Stryków,Stryków,City,19.610833,51.901111,Stryków Przeładownia,1530.8228354371063,22.962342531556594
City:Strzelno,Strzelno,City,18.173056,52.63,Strzelno,29.31085964937132,0.4396628947405698
City:Strzyżów,Strzyżów,City,21.791111,49.870833,Strzyżów,706.455782148956,10.59683673223434
City:Stęszew,Stęszew,City,16.708056,52.278889,Osowa Góra,8169.038224043764,122.53557336065644
City:Sucha (Beskidzka),Sucha (Beskidzka),City,19.588611,49.740278,Sucha Beskidzka,154.0971063577798,2.311456595366697
City:Suchowola,Suchowola,City,23.101667,53.579444,Kamienna Nowa,16246.925813310107,243.70388719965158
City:Sulejów,Sulejów,City,19.884722,51.352778,Sulejów Pilica,3355.5059906053775,50.33258985908066
City:Sulmierzyce,Sulmierzyce,City,17.530833,51.605833,Sulmierzyce,219.40785618558297,3.2911178427837444
City:Supraśl,Supraśl,City,23.3375,53.211111,Białystok,15973.435437936703,239.60153156905054
City:Suraż,Suraż,City,22.956389,52.949722,Łapy,6631.792324047387,99.4768848607108
City:Suwałki,Suwałki,City,22.9325,54.101111,Suwałki,182.83982077600092,2.7425973116400137
City:Swarzędz,Swarzędz,City,17.071389,52.408333,Swarzędz,493.80696982773725,7.407104547416058
City:Świsłocz (Swisłocz),Świsłocz (Swisłocz),City,24.1,53.033333,Andrzejewicze,16021.526182234198,240.32289273351296
City:Szadek,Szadek,City,18.974167,51.691111,Zduńska Wola,9071.830008610665,136.07745012915996
City:Szamocin,Szamocin,City,17.120556,53.030278,Białośliwie,7514.091313537348,112.71136970306021
City:Szamotuły,Szamotuły,City,16.578889,52.611111,Szamotuły,304.6654298740395,4.5699814481105925
City:Szczakowa,Szczakowa,City,19.296944,50.242778,Szczakowa,499.21012130226666,7.488151819533999
City:Szczekociny,Szczekociny,City,19.825278,50.6275,Koniecpol,19237.19573475937,288.55793602139056
City:Szczerzec,Szczerzec,City,23.853161,49.642997,Gródek Jagielloński,21680.497950662226,325.20746925993336
City:Szczuczyn (Białostocki),Szczuczyn (Białostocki),City,22.285,53.566111,Grajewo,14084.471775189133,211.26707662783699
City:Szczuczyn (Nowogródzki),Szczuczyn (Nowogródzki),City,24.75,53.6,Mosty,23569.50489406656,353.5425734109984
City:Szereszów,Szereszów,City,24.216667,52.55,Prużana,17112.55819650735,256.6883729476102
City:Szubin,Szubin,City,17.743611,53.011667,Szubin,23.96145425090021,0.35942181376350313
City:Szydłowiec,Szydłowiec,City,20.857222,51.223889,Skarżysko Kamienna,12238.520926531091,183.57781389796637
City:Sądowa Wisznia,Sądowa Wisznia,City,23.37345,49.786764,Jaworów,19646.93607000835,294.7040410501252
City:Sędziszów,Sędziszów,City,20.05,50.562778,Tunel,14971.604099125594,224.5740614868839
City:Sępolno,Sępolno,City,16.030556,52.377222,Komorowo Wielkopolskie,9759.983676473332,146.39975514709997
City:Słomniki,Słomniki,City,20.081667,50.240833,Kocmyrzów,12614.48252320942,189.2172378481413
City:Słonim,Słonim,City,25.316667,53.083333,Słonim,1058.2693706196208,15.874040559294311
City:Słupca,Słupca,City,17.871111,52.287222,Słupca,1271.4787445249756,19.072181167874632
City:Tarnobrzeg,Tarnobrzeg,City,21.678611,50.572778,Tarnobrzeg,2649.350048432733,39.74025072649099
City:Tarnopol,Tarnopol,City,25.6,49.566667,Tarnopol,1329.493557145619,19.942403357184283
City:Tarnowskie Góry,Tarnowskie Góry,City,18.855556,50.444444,Tarnowskie Góry Wąskotorowe,632.5225296991209,9.487837945486813
City:Tarnów,Tarnów,City,20.985556,50.012222,Tarnów,1067.4139738150895,16.01120960722634
City:Tczew,Tczew,City,18.777331,54.092192,Tczew,1595.62609065987,23.934391359898047
City:Terespol,Terespol,City,23.611111,52.074167,Terespol,806.1244390057245,12.091866585085869
City:Tomaszów Lubelski,Tomaszów Lubelski,City,23.419167,50.453056,Tomaszów Lubelski Wąskotorowy,845.817491207389,12.687262368110835
City:Tomaszów Mazowiecki,Tomaszów Mazowiecki,City,20.008889,51.531389,Tomaszów Mazowiecki,2175.2307730020602,32.628461595030906
City:Toruń,Toruń,City,18.611111,53.022222,Toruń Mokre,1148.0023885411954,17.22003582811793
City:Trembowla,Trembowla,City,25.716667,49.3,Trembowla,1503.045533750798,22.54568300626197
City:Troki,Troki,City,24.933333,54.633333,Troki,3774.4334980670715,56.616502471006065
City:Trzebinia,Trzebinia,City,19.470556,50.159722,Trzebinia,25.80070549593842,0.3870105824390763
City:Trzemeszno,Trzemeszno,City,17.822222,52.561111,Niechanowo,13610.838432842282,204.16257649263423
City:Trzyniec,Trzyniec,City,18.672778,49.677778,Olza,3780.753513184853,56.711302697772794
City:Tuchola,Tuchola,City,17.861167,53.58725,Tuchola,168.98596121739877,2.534789418260982
City:Tuchów,Tuchów,City,21.054167,49.895,Tarnów,13509.685453858163,202.64528180787244
City:Tuliszków,Tuliszków,City,18.293611,52.076389,Turek,16376.753541406626,245.65130312109937
City:Turek,Turek,City,18.485278,52.013333,Turek,1824.7526879150396,27.371290318725592
City:Turka,Turka,City,23.031389,49.153889,Turka,183.58394904077565,2.7537592356116343
City:Tuszyn,Tuszyn,City,19.53,51.609167,Łódź Chojny,13423.87418257718,201.3581127386577
City:Tyczyn,Tyczyn,City,22.033056,49.965278,Rzeszów,8281.069657320473,124.2160448598071
City:Tykocin,Tykocin,City,22.770833,53.205556,Łapy,25157.06524990602,377.35597874859025
City:Tyśmienica,Tyśmienica,City,24.848056,48.901944,Chryplin,7882.913562465267,118.243703436979
City:Tłumacz,Tłumacz,City,25.0,48.866667,Tłumacz,344.8888990123851,5.173333485185776
City:Tłuste,Tłuste,City,25.715556,48.845,Biała Czortkowska,19811.844955670203,297.17767433505304
City:Uhnów,Uhnów,City,23.733333,50.366667,Uhnów,981.3035827942173,14.719553741913257
City:Ujście,Ujście,City,16.733056,53.0525,Ujście,1082.2227742391349,16.233341613587022
City:Ulanów,Ulanów,City,22.265278,50.490278,Rozwadów,19686.21667863794,295.2932501795691
City:Uniejów,Uniejów,City,18.800278,51.97,Poddębice,13441.21163110717,201.6181744666075
City:Ustrzyki Dolne,Ustrzyki Dolne,City,22.586667,49.429722,Ustrzyki Dolne,91.09067891484722,1.3663601837227082
City:Uście Solne,Uście Solne,City,20.513889,50.120556,Bochnia,16989.037202840304,254.83555804260453
City:Uściług,Uściług,City,24.156944,50.86,Strzyżów Hrubieszowski,9111.563715587128,136.67345573380692
City:Wadowice,Wadowice,City,19.494444,49.8825,Wadowice,173.09268536506684,2.5963902804760024
City:Warka,Warka,City,21.186389,51.783333,Warka,285.5395108391482,4.283092662587222
City:Warszawa,Warszawa,City,21.008333,52.232222,Warszawa Śródmieście,309.18263281591436,4.6377394922387145
City:Warta,Warta,City,18.625,51.708056,Sieradz,13732.511180134292,205.98766770201436
City:Wasilków,Wasilków,City,23.204444,53.2,Białystok,8628.560970346922,129.42841455520383
City:Wejherowo,Wejherowo,City,18.248889,54.604167,Wejherowo,1319.484832322156,19.79227248483234
City:Wieleń nad Notecią,Wieleń nad Notecią,City,16.173611,52.892222,Drawski Młyn,6456.909058709289,96.85363588063933
City:Wielichowo,Wielichowo,City,16.349444,52.118889,Wielichowo,197.09526914162376,2.9564290371243565
City:Wieliczka,Wieliczka,City,20.061667,49.986111,Wieliczka,428.2148862483875,6.423223293725812
City:Wieluń,Wieluń,City,18.573889,51.2225,Wieluń,349.2750979714861,5.239126469572292
City:Wieruszów,Wieruszów,City,18.151944,51.295278,Wieruszów,1479.9820349753406,22.19973052463011
City:Wierzbnik (dziś Starachowice),Wierzbnik (dziś Starachowice),City,21.083611,51.041111,Starachowice,2076.380110884827,31.145701663272405
City:Wilamowice,Wilamowice,City,19.151944,49.916389,Czechowice Dziedzice,10555.329467498384,158.32994201247575
City:Wilejka,Wilejka,City,26.916667,54.483333,Mołodeczno,20231.526957095863,303.4729043564379
City:Wilno,Wilno,City,25.283333,54.683333,Wilno,414.1951708443707,6.21292756266556
City:Winniki,Winniki,City,24.129722,49.815556,Lwów,7646.543067699779,114.69814601549668
City:Witkowo,Witkowo,City,17.774167,52.438889,Arcugowo,5873.510224902679,88.10265337354016
City:Więcbork,Więcbork,City,17.483333,53.35,Więcbork,391.5614710438883,5.873422065658324
City:Wiśnicz Nowy,Wiśnicz Nowy,City,20.460833,49.914722,Bochnia,7254.40615240952,108.81609228614279
City:Wodzisław,Wodzisław,City,20.190556,50.52,Jędrzejów,15059.48628938941,225.89229434084112
City:Wojnicz,Wojnicz,City,20.839444,49.957778,Tarnów,11082.835616943032,166.24253425414548
City:Wolbrom,Wolbrom,City,19.759444,50.385556,Charsznica,13048.074840242998,195.72112260364494
City:Wolsztyn,Wolsztyn,City,16.116944,52.114167,Wolsztyn,451.34028458016974,6.7701042687025454
City:Wołkowysk,Wołkowysk,City,24.466667,53.166667,Wołkowysk,607.9088498503739,9.118632747755608
City:Wołomin,Wołomin,City,21.241944,52.346667,Wołomin,416.2824534141623,6.244236801212435
City:Wołożyn,Wołożyn,City,26.526861,54.089889,Mołodeczno,31631.452637713763,474.47178956570644
City:Woźniki,Woźniki,City,19.060556,50.586667,Woźniki Śląskie,86.33118984368329,1.2949678476552493
City:Wronki,Wronki,City,16.378611,52.707778,Wronki,386.6305783781186,5.7994586756717785
City:Września,Września,City,17.56525,52.325111,Września,4.861744861585436,0.07292617292378153
City:Wyrzysk,Wyrzysk,City,17.266944,53.153611,Nieżychowo Zakłady Przemysłowe,7529.804935388257,112.94707403082386
City:Wysoka,Wysoka,City,17.079722,53.181667,Wysoka Wąskotorowa,345.58327519630626,5.183749127944593
City:Wysokie Litewskie,Wysokie Litewskie,City,23.366667,52.366667,Czeremcha,16838.4088572487,252.57613285873052
City:Wysokie Mazowieckie,Wysokie Mazowieckie,City,22.514444,52.916667,Łapy,26110.05857252425,391.65087858786376
City:Wyszków,Wyszków,City,21.459167,52.593056,Wyszków,1286.9075642715804,19.303613464073706
City:Wyszogród,Wyszogród,City,20.190833,52.388889,Wyszogród,66.03780965660553,0.9905671448490829
City:Wyśmierzyce,Wyśmierzyce,City,20.813333,51.625,Mogielnica,10351.931602305654,155.2789740345848
City:Wąbrzeźno,Wąbrzeźno,City,18.945833,53.279722,Wąbrzeźno Miasto,633.7421664960114,9.50613249744017
City:Wągrowiec,Wągrowiec,City,17.206944,52.806944,Wągrowiec,676.7758366474275,10.151637549711412
City:Węgrów,Węgrów,City,22.016389,52.399167,Sokołów Podlaski,16105.189726016075,241.5778458902411
City:Władysławów,Władysławów,City,18.4725,52.103056,Turek,10026.195878365077,150.39293817547613
City:Włocławek,Włocławek,City,19.068611,52.660833,Włocławek,231.17529864641338,3.4676294796962006
City:Włodawa,Włodawa,City,23.547778,51.544722,Włodawa,1355.4608950705215,20.331913426057824
City:Włodzimierz (dziś Ukraina),Włodzimierz (dziś Ukraina),City,24.318056,50.846944,Włodzimierz Wołyński,1312.4343897993829,19.68651584699074
City:Włoszczowa,Włoszczowa,City,19.966944,50.854167,Włoszczowa,233.27727361133867,3.4991591041700802
City:Zabłotów,Zabłotów,City,25.284722,48.475278,Kołomyja,17861.556799100574,267.9233519865086
City:Zabłudów,Zabłudów,City,23.335278,53.015278,Białystok,18842.665256737975,282.6399788510696
City:Zagórów,Zagórów,City,17.891667,52.165556,Słupca,13739.40615977007,206.09109239655103
City:Zakopane,Zakopane,City,19.951944,49.299444,Zakopane,809.4833789246123,12.142250683869184
City:Zakroczym,Zakroczym,City,20.611944,52.433333,Nowy Dwór Mazowiecki,8128.364766659223,121.92547149988835
City:Zaleszczyki,Zaleszczyki,City,25.736673,48.647842,Zaleszczyki,303.85708411395507,4.557856261709326
City:Zambrów,Zambrów,City,22.241111,52.985556,Czerwony Bór,10425.974734990563,156.38962102485846
City:Zamość,Zamość,City,23.258611,50.720556,Zamość,102.75999024705908,1.5413998537058862
City:Zaniemyśl,Zaniemyśl,City,17.164167,52.156111,Zaniemyśl,191.78330531977556,2.876749579796633
City:Zator,Zator,City,19.438056,49.996389,Spytkowice,5074.9150116609535,76.1237251749143
City:Zawichost,Zawichost,City,21.856389,50.806667,Sandomierz,17509.111173428504,262.6366676014275
City:Zawiercie,Zawiercie,City,19.416389,50.4875,Zawiercie,4410.729732343426,66.16094598515139
City:Załoźce,Załoźce,City,25.378889,49.795,Tarnopol,30745.485151299323,461.1822772694898
City:Zbaraż,Zbaraż,City,25.766667,49.666667,Zbaraż,987.403919891017,14.811058798365254
City:Zborów,Zborów,City,25.15,49.65,Złoczów,25050.196359958863,375.75294539938295
City:Zbąszyń,Zbąszyń,City,15.917778,52.253056,Zbąszyń,392.78291414191517,5.8917437121287275
City:Zdołbunów,Zdołbunów,City,26.259722,50.509444,Zdołbunów,2742.928791710344,41.143931875655156
City:Zduny,Zduny,City,17.377778,51.646389,Krotoszyn,6942.2767292932285,104.13415093939842
City:Zduńska Wola,Zduńska Wola,City,18.939167,51.606111,Zduńska Wola,784.0822619115899,11.761233928673848
City:Zdzięcioł,Zdzięcioł,City,25.4,53.45,Nowojelnia,12499.192454099264,187.48788681148895
City:Kalwaria Zebrzydowska,Kalwaria Zebrzydowska,City,19.676944,49.868056,Kalwaria Zebrzydowska,698.2223947458222,10.473335921187331
City:Zgierz,Zgierz,City,19.406111,51.855,Zgierz,1475.5733285593606,22.13359992839041
City:Zwoleń,Zwoleń,City,21.583889,51.356944,Bąkowiec,20334.163600364725,305.0124540054709
City:Złoczew,Złoczew,City,18.607222,51.414722,Sieradz,21726.69422152873,325.90041332293094
City:Złoczów,Złoczów,City,24.897778,49.808056,Złoczów,279.0018985823624,4.185028478735436
City:Łabiszyn,Łabiszyn,City,17.919444,52.953056,Barcin,11310.818911840637,169.66228367760957
City:Łapy,Łapy,City,22.885278,52.991111,Łapy,178.068008145067,2.671020122176005
City:Łasin,Łasin,City,19.086667,53.519444,Łasin,33.49972994622988,0.5024959491934482
City:Łask,Łask,City,19.1325,51.589722,Zduńska Wola Karsznice,9547.206709106717,143.20810063660073
City:Łańcut,Łańcut,City,22.229722,50.068056,Łańcut,1513.9584240306053,22.70937636045908
City:Łobżenica,Łobżenica,City,17.255681,53.262492,Łobżenica,760.4593390483503,11.406890085725255
City:Łohiszyn,Łohiszyn,City,25.983333,52.333333,Rzeczki,14845.719962831354,222.6857994424703
City:Łomża,Łomża,City,22.073056,53.176389,Łomża,1549.0235779869085,23.235353669803626
City:Łopatyn,Łopatyn,City,24.833333,50.216667,Stojanów,21498.661708239335,322.47992562359
City:Łosice,Łosice,City,22.718889,52.2125,Konstantynów,25108.040577798663,376.62060866697993
City:Łowicz,Łowicz,City,19.945833,52.106111,Łowicz,590.7992791028848,8.861989186543273
City:Łuck,Łuck,City,25.316667,50.75,Łuck,598.606302951316,8.97909454426974
City:Łuków,Łuków,City,22.383333,51.927222,Łuków,1656.5689089323773,24.84853363398566
City:Łuniniec,Łuniniec,City,26.8,52.25,Łuniniec,552.6282046166849,8.289423069250272
City:Łódź,Łódź,City,19.454722,51.776667,Łódź Fabryczna,1295.6950184884442,19.43542527732666
City:Łęczna,Łęczna,City,22.879167,51.301667,Lublin,24480.652975083805,367.20979462625706
City:Łęczyca,Łęczyca,City,19.198333,52.059167,Łęczyca Wąskotorowa,429.2915492258178,6.439373238387266
City:Ślesin,Ślesin,City,18.306389,52.370278,Ślesin,67.93167024989309,1.0189750537483964
City:Śmigiel,Śmigiel,City,16.518611,52.009167,Śmigiel,706.4590467412005,10.596885701118007
City:Śniatyn,Śniatyn,City,25.566667,48.45,Śniatyn,1129.122797132027,16.936841956980405
City:Śrem,Śrem,City,17.014722,52.088611,Śrem,103.72731708103655,1.5559097562155482
City:Środa (Wielkopolska),Środa (Wielkopolska),City,17.266389,52.231944,Środa Wielkopolska Miasto,1438.7459548845602,21.5811893232684
City:Świecie,Świecie,City,18.445833,53.408333,Terespol Pomorski,6121.54276985575,91.82314154783624
City:Święciany,Święciany,City,26.166667,55.133333,Święciany,11528.056189438348,172.9208428415752
City:Święciechowa,Święciechowa,City,16.494444,51.855,Leszno,4981.3401470463905,74.72010220569585
City:Świętochłowice,Świętochłowice,City,18.917778,50.291944,Świętochłowice,340.39886393270166,5.105982958990524
City:Żabno,Żabno,City,20.885278,50.132778,Dąbrowa Tarnowska,7632.950017596678,114.49425026395016
City:Żelechów,Żelechów,City,21.895833,51.809722,Garwolin,25707.63482339772,385.6145223509658
City:Żerków,Żerków,City,17.562778,52.068333,Komorze,7536.671383374177,113.05007075061265
City:Żnin,Żnin,City,17.719514,52.84942,Żnin,950.3140983516486,14.254711475274727
City:Żory,Żory,City,18.694722,50.045556,Żory,27.61194036661123,0.4141791054991684
City:Żurawno,Żurawno,City,24.285278,49.258056,Chodorów,15940.95243241811,239.11428648627165
City:Żuromin,Żuromin,City,19.909167,53.066667,Lidzbark,22572.807951517632,338.5921192727645
City:Żychlin,Żychlin,City,19.623611,52.245278,Kutno,18875.10051557293,283.12650773359394
City:Żydaczów,Żydaczów,City,24.136131,49.388629,Chodorów,12610.807896068298,189.16211844102446
City:Żyrardów,Żyrardów,City,20.444444,52.054167,Żyrardów,373.320123145372,5.59980184718058
City:Żywiec,Żywiec,City,19.205833,49.689167,Żywiec,201.35876994265956,3.020381549139893
City:Żółkiew,Żółkiew,City,23.970556,50.055833,Żółkiew,743.5878766231713,11.153818149347568
Border_Crossing:Kozliny,Kozliny,Border_Crossing,18.804394,54.147935,Zajączkowo Tczewskie,3833.755265069875,57.506328976048124
Border_Crossing:Kolibki,Kolibki,Border_Crossing,18.55937,54.46801,Sopot,3030.815779723123,45.46223669584684
Border_Crossing:Sulmin,Sulmin,Border_Crossing,18.47262,54.30912,Stara Piła,4333.457759036775,65.00186638555162
Border_Crossing:Zbaszyn-Zbaszynek,Zbaszyn-Zbaszynek,Border_Crossing,15.857159,52.26061,Zbąszyń,4508.827827533472,67.63241741300209
Border_Crossing:Makoszowy-Gliwice,Makoszowy-Gliwice,Border_Crossing,18.7499923,50.2650933,Zabrze Makoszowy,1877.0588647205848,28.15588297080877
